ring,stintID,sex,burrow,start_mass,year,end_mass,foragetrip,forageGain,neglect,prop_rest,prop_flight,prop_forage,phase
FB30024,0,F,120,390,2015,480,7,90,NO,0.076388889,0.697916667,0.225694444,commute
FB30024,0,F,120,390,2015,480,7,90,NO,0.315972222,0.395833333,0.288194444,forage
EZ01635,1,F,95,420,2015,490,8,70,NO,0.1875,0.590277778,0.222222222,commute
FB30024,0,F,120,390,2015,480,7,90,NO,0.371527778,0.190972222,0.4375,forage
FB30034,0,M,46,465,2015,525,7,60,NO,0.479166667,0.222222222,0.298611111,commute
EZ01635,1,F,95,420,2015,490,8,70,NO,0.3125,0.399305556,0.288194444,forage
FB30034,0,M,46,465,2015,525,7,60,NO,0.357638889,0.21875,0.423611111,forage
FB30024,0,F,120,390,2015,480,7,90,NO,0.361111111,0.315972222,0.322916667,forage
EZ01635,1,F,95,420,2015,490,8,70,NO,0.357638889,0.336805556,0.305555556,forage
FB32335,0,F,6,410,2015,465,4,55,NO,0.361111111,0.256944444,0.381944444,commute
FB30024,0,F,120,390,2015,480,7,90,NO,0.458333333,0.295138889,0.246527778,forage
FB30034,0,M,46,465,2015,525,7,60,NO,0.197916667,0.559027778,0.243055556,forage
FB30024,0,F,120,390,2015,480,7,90,NO,0.322916667,0.315972222,0.361111111,forage
FB32335,0,F,6,410,2015,465,4,55,NO,0.416666667,0.069444444,0.513888889,forage
EZ01635,1,F,95,420,2015,490,8,70,NO,0.333333333,0.364583333,0.302083333,forage
FB30034,0,M,46,465,2015,525,7,60,NO,0.461805556,0.270833333,0.267361111,forage
FB30024,0,F,120,390,2015,480,7,90,NO,0.274305556,0.447916667,0.277777778,commute
FB32335,0,F,6,410,2015,465,4,55,NO,0.5,0.048611111,0.451388889,forage
FB30034,0,M,46,465,2015,525,7,60,NO,0.347222222,0.288194444,0.364583333,forage
EZ01635,1,F,95,420,2015,490,8,70,NO,0.416666667,0.298611111,0.284722222,forage
EL60762,0,F,130,370,2015,420,9,50,NO,0.229166667,0.427083333,0.34375,commute
EZ01635,1,F,95,420,2015,490,8,70,NO,0.354166667,0.340277778,0.305555556,forage
FB32335,0,F,6,410,2015,465,4,55,NO,0.506944444,0.145833333,0.347222222,commute
FB30034,0,M,46,465,2015,525,7,60,NO,0.315972222,0.465277778,0.21875,forage
EX93603,0,F,139,465,2015,470,7,5,NO,0.100694444,0.614583333,0.284722222,commute
EX93603,0,F,139,465,2015,470,7,5,NO,0.326388889,0.385416667,0.288194444,forage
FB30072,0,M,140,455,2015,495,6,40,NO,0.125,0.305555556,0.569444444,commute
EX93544,0,F,50,395,2015,400,4,5,NO,0.34375,0.305555556,0.350694444,commute
EZ01635,1,F,95,420,2015,490,8,70,NO,0.451388889,0.232638889,0.315972222,forage
EL60762,0,F,130,370,2015,420,9,50,NO,0.246527778,0.267361111,0.486111111,forage
FB30034,0,M,46,465,2015,525,7,60,NO,0.34375,0.409722222,0.246527778,commute
FB30072,0,M,140,455,2015,495,6,40,NO,0.284722222,0.333333333,0.381944444,forage
FB30047,0,F,46,445,2015,500,9,55,NO,0.225694444,0.423611111,0.350694444,commute
EX93603,0,F,139,465,2015,470,7,5,NO,0.548611111,0.079861111,0.371527778,forage
EX93544,0,F,50,395,2015,400,4,5,NO,0.399305556,0.149305556,0.451388889,forage
EL60762,0,F,130,370,2015,420,9,50,NO,0.246527778,0.277777778,0.475694444,forage
FB30125,0,F,DB10,390,2015,405,4,15,NO,0.427083333,0.25,0.322916667,commute
EZ01635,1,F,95,420,2015,490,8,70,NO,0.472222222,0.350694444,0.177083333,commute
FB32163,0,F,23,355,2015,425,11,70,YES,0.149305556,0.46875,0.381944444,commute
FB30047,0,F,46,445,2015,500,9,55,NO,0.270833333,0.309027778,0.420138889,forage
FB32163,0,F,23,355,2015,425,11,70,YES,0.430555556,0.170138889,0.399305556,forage
FB30072,0,M,140,455,2015,495,6,40,NO,0.506944444,0.104166667,0.388888889,forage
EX93603,0,F,139,465,2015,470,7,5,NO,0.416666667,0.215277778,0.368055556,forage
EX93544,0,F,50,395,2015,400,4,5,NO,0.534722222,0.059027778,0.40625,forage
EL60762,0,F,130,370,2015,420,9,50,NO,0.274305556,0.378472222,0.347222222,forage
FB30125,0,F,DB10,390,2015,405,4,15,NO,0.552083333,0.128472222,0.319444444,forage
EX93544,0,F,50,395,2015,400,4,5,NO,0.65625,0.118055556,0.225694444,commute
FB32163,0,F,23,355,2015,425,11,70,YES,0.375,0.065972222,0.559027778,forage
FB30047,0,F,46,445,2015,500,9,55,NO,0.458333333,0.204861111,0.336805556,forage
EX93603,0,F,139,465,2015,470,7,5,NO,0.482638889,0.173611111,0.34375,forage
FB30072,0,M,140,455,2015,495,6,40,NO,0.423611111,0.0625,0.513888889,forage
FB32335,1,F,6,435,2015,445,5,10,NO,0.229166667,0.166666667,0.604166667,commute
FB30125,0,F,DB10,390,2015,405,4,15,NO,0.458333333,0.131944444,0.409722222,forage
EL60762,0,F,130,370,2015,420,9,50,NO,0.59375,0.086805556,0.319444444,forage
FB20883,0,F,DB33,340,2015,425,6,85,NO,0.40625,0.135416667,0.458333333,commute
FB32163,0,F,23,355,2015,425,11,70,YES,0.503472222,0.034722222,0.461805556,forage
FB32335,1,F,6,435,2015,445,5,10,NO,0.409722222,0.090277778,0.5,forage
EX93603,0,F,139,465,2015,470,7,5,NO,0.475694444,0.170138889,0.354166667,forage
FB30125,0,F,DB10,390,2015,405,4,15,NO,0.552083333,0.184027778,0.263888889,commute
EL60762,0,F,130,370,2015,420,9,50,NO,0.434027778,0.069444444,0.496527778,forage
FB30047,0,F,46,445,2015,500,9,55,NO,0.631944444,0.034722222,0.333333333,forage
FB30072,0,M,140,455,2015,495,6,40,NO,0.666666667,0,0.333333333,forage
FB32335,1,F,6,435,2015,445,5,10,NO,0.604166667,0.006944444,0.388888889,forage
FB20883,0,F,DB33,340,2015,425,6,85,NO,0.576388889,0.034722222,0.388888889,forage
FB30024,1,F,120,410,2015,410,7,0,NO,0.364583333,0.253472222,0.381944444,commute
FB30047,0,F,46,445,2015,500,9,55,NO,0.569444444,0.15625,0.274305556,forage
FB32163,0,F,23,355,2015,425,11,70,YES,0.434027778,0.142361111,0.423611111,forage
EL60762,0,F,130,370,2015,420,9,50,NO,0.225694444,0.222222222,0.552083333,forage
EX93603,0,F,139,465,2015,470,7,5,NO,0.579861111,0.111111111,0.309027778,commute
FB30072,0,M,140,455,2015,495,6,40,NO,0.652777778,0.055555556,0.291666667,commute
FB32163,0,F,23,355,2015,425,11,70,YES,0.381944444,0.083333333,0.534722222,forage
FB32335,1,F,6,435,2015,445,5,10,NO,0.694444444,0.020833333,0.284722222,forage
FB30047,0,F,46,445,2015,500,9,55,NO,0.354166667,0.350694444,0.295138889,forage
FB20883,0,F,DB33,340,2015,425,6,85,NO,0.701388889,0.104166667,0.194444444,forage
FB30024,1,F,120,410,2015,410,7,0,NO,0.572916667,0.111111111,0.315972222,forage
EL60762,0,F,130,370,2015,420,9,50,NO,0.225694444,0.215277778,0.559027778,forage
EX93604,0,F,140,400,2015,440,10,40,NO,0.111111111,0.3125,0.576388889,commute
FB30024,1,F,120,410,2015,410,7,0,NO,0.548611111,0.006944444,0.444444444,forage
FB32163,0,F,23,355,2015,425,11,70,YES,0.451388889,0.083333333,0.465277778,forage
FB30047,0,F,46,445,2015,500,9,55,NO,0.465277778,0.149305556,0.385416667,forage
FB20883,0,F,DB33,340,2015,425,6,85,NO,0.621527778,0.024305556,0.354166667,forage
EL60762,0,F,130,370,2015,420,9,50,NO,0.336805556,0.361111111,0.302083333,commute
EX93604,0,F,140,400,2015,440,10,40,NO,0.097222222,0.625,0.277777778,forage
FB32335,1,F,6,435,2015,445,5,10,NO,0.486111111,0.131944444,0.381944444,commute
FB20883,0,F,DB33,340,2015,425,6,85,NO,0.475694444,0.15625,0.368055556,forage
EX93604,0,F,140,400,2015,440,10,40,NO,0.25,0.409722222,0.340277778,forage
FB32163,0,F,23,355,2015,425,11,70,YES,0.371527778,0.145833333,0.482638889,forage
EX83006,0,F,DB43,375,2015,445,9,70,NO,0.121527778,0.597222222,0.28125,commute
FB30024,1,F,120,410,2015,410,7,0,NO,0.520833333,0.055555556,0.423611111,forage
EX93544,1,F,50,370,2015,415,6,45,NO,0.277777778,0.340277778,0.381944444,commute
FB30047,0,F,46,445,2015,500,9,55,NO,0.392361111,0.347222222,0.260416667,forage
EX93544,1,F,50,370,2015,415,6,45,NO,0.503472222,0.086805556,0.409722222,forage
FB20883,0,F,DB33,340,2015,425,6,85,NO,0.552083333,0.166666667,0.28125,commute
EZ01635,2,F,95,420,2015,455,10,35,NO,0.159722222,0.496527778,0.34375,commute
EX83006,0,F,DB43,375,2015,445,9,70,NO,0.072916667,0.638888889,0.288194444,forage
FB30024,1,F,120,410,2015,410,7,0,NO,0.447916667,0.0625,0.489583333,forage
EX93604,0,F,140,400,2015,440,10,40,NO,0.333333333,0.208333333,0.458333333,forage
FB32163,0,F,23,355,2015,425,11,70,YES,0.489583333,0.149305556,0.361111111,forage
FB30047,0,F,46,445,2015,500,9,55,NO,0.451388889,0.267361111,0.28125,commute
FB30024,1,F,120,410,2015,410,7,0,NO,0.475694444,0.201388889,0.322916667,forage
EX41793,0,M,DB33,365,2015,455,8,90,NO,0,0.371527778,0.628472222,commute
EX83006,0,F,DB43,375,2015,445,9,70,NO,0.079861111,0.576388889,0.34375,forage
FB30125,1,F,DB10,365,2015,430,4,65,NO,0.232638889,0.350694444,0.416666667,commute
FB32163,0,F,23,355,2015,425,11,70,YES,0.454861111,0.274305556,0.270833333,forage
FB30034,1,M,46,440,2015,515,7,75,NO,0.121527778,0.583333333,0.295138889,commute
EZ01635,2,F,95,420,2015,455,10,35,NO,0.503472222,0.149305556,0.347222222,forage
EX93544,1,F,50,370,2015,415,6,45,NO,0.336805556,0.204861111,0.458333333,forage
EX93604,0,F,140,400,2015,440,10,40,NO,0.243055556,0.340277778,0.416666667,forage
FB30125,1,F,DB10,365,2015,430,4,65,NO,0.680555556,0.010416667,0.309027778,forage
FB32163,0,F,23,355,2015,425,11,70,YES,0.052083333,0.923611111,0.024305556,commute
FB30034,1,M,46,440,2015,515,7,75,NO,0.510416667,0.090277778,0.399305556,forage
EX83006,0,F,DB43,375,2015,445,9,70,NO,0.479166667,0.211805556,0.309027778,forage
EX93604,0,F,140,400,2015,440,10,40,NO,0.166666667,0.326388889,0.506944444,forage
FB30024,1,F,120,410,2015,410,7,0,NO,0.059027778,0.902777778,0.038194444,commute
EX41793,0,M,DB33,365,2015,455,8,90,NO,0,0.208333333,0.791666667,forage
EX93544,1,F,50,370,2015,415,6,45,NO,0.486111111,0.131944444,0.381944444,forage
EZ01635,2,F,95,420,2015,455,10,35,NO,0.295138889,0.21875,0.486111111,forage
FB30034,1,M,46,440,2015,515,7,75,NO,0.472222222,0.135416667,0.392361111,forage
FB30125,1,F,DB10,365,2015,430,4,65,NO,0.364583333,0.15625,0.479166667,forage
EX93604,0,F,140,400,2015,440,10,40,NO,0.208333333,0.347222222,0.444444444,forage
EX41793,0,M,DB33,365,2015,455,8,90,NO,0,0.329861111,0.670138889,forage
EX93544,1,F,50,370,2015,415,6,45,NO,0.458333333,0.15625,0.385416667,forage
EX83006,0,F,DB43,375,2015,445,9,70,NO,0.402777778,0.315972222,0.28125,forage
FB30072,1,M,140,425,2015,445,1,20,YES,0.180555556,0.354166667,0.465277778,commute
EY07357,0,F,186,355,2015,405,6,50,NO,0.152777778,0.236111111,0.611111111,commute
EZ01635,2,F,95,420,2015,455,10,35,NO,0.305555556,0.163194444,0.53125,forage
EX41793,0,M,DB33,365,2015,455,8,90,NO,0,0.378472222,0.621527778,forage
EY07357,0,F,186,355,2015,405,6,50,NO,0.263888889,0.111111111,0.625,forage
FB30034,1,M,46,440,2015,515,7,75,NO,0.350694444,0.138888889,0.510416667,forage
EX93544,1,F,50,370,2015,415,6,45,NO,0.423611111,0.270833333,0.305555556,commute
EZ01635,2,F,95,420,2015,455,10,35,NO,0.361111111,0.1875,0.451388889,forage
FB30125,1,F,DB10,365,2015,430,4,65,NO,0.4375,0.215277778,0.347222222,commute
EX83006,0,F,DB43,375,2015,445,9,70,NO,0.229166667,0.486111111,0.284722222,forage
EX93604,0,F,140,400,2015,440,10,40,NO,0.229166667,0.284722222,0.486111111,forage
EX41793,0,M,DB33,365,2015,455,8,90,NO,0,0.402777778,0.597222222,forage
EX83006,0,F,DB43,375,2015,445,9,70,NO,0.215277778,0.513888889,0.270833333,forage
EZ01635,2,F,95,420,2015,455,10,35,NO,0.284722222,0.284722222,0.430555556,forage
EX93604,0,F,140,400,2015,440,10,40,NO,0.215277778,0.576388889,0.208333333,forage
FB32163,1,F,23,420,2015,410,3,-10,NO,0.215277778,0.479166667,0.305555556,commute
FB30034,1,M,46,440,2015,515,7,75,NO,0.447916667,0.128472222,0.423611111,forage
EK59706,0,F,171,330,2015,440,7,110,NO,0.180555556,0.305555556,0.513888889,commute
EY07357,0,F,186,355,2015,405,6,50,NO,0.138888889,0.166666667,0.694444444,forage
EX41793,0,M,DB33,365,2015,455,8,90,NO,0,0.104166667,0.895833333,forage
FB32163,1,F,23,420,2015,410,3,-10,NO,0.545138889,0.065972222,0.388888889,forage
EX93604,0,F,140,400,2015,440,10,40,NO,0.270833333,0.305555556,0.423611111,commute
FB30034,1,M,46,440,2015,515,7,75,NO,0.5,0.149305556,0.350694444,forage
EY07357,0,F,186,355,2015,405,6,50,NO,0.159722222,0.194444444,0.645833333,forage
EZ01635,2,F,95,420,2015,455,10,35,NO,0.427083333,0.079861111,0.493055556,forage
EX83006,0,F,DB43,375,2015,445,9,70,NO,0.163194444,0.46875,0.368055556,forage
EK59706,0,F,171,330,2015,440,7,110,NO,0.361111111,0.034722222,0.604166667,forage
EX83006,0,F,DB43,375,2015,445,9,70,NO,0.371527778,0.447916667,0.180555556,commute
EX41793,0,M,DB33,365,2015,455,8,90,NO,0,0.104166667,0.895833333,forage
EK59738,0,M,DB16,405,2015,395,1,-10,NO,0.395833333,0.180555556,0.423611111,commute
FB32335,2,F,6,390,2015,440,9,50,NO,0,0.972222222,0.027777778,commute
EK59706,0,F,171,330,2015,440,7,110,NO,0.347222222,0.034722222,0.618055556,forage
EY07357,0,F,186,355,2015,405,6,50,NO,0.465277778,0.055555556,0.479166667,forage
EZ01635,2,F,95,420,2015,455,10,35,NO,0.690972222,0.045138889,0.263888889,forage
FB30024,2,F,120,385,2015,435,8,50,NO,0.444444444,0.232638889,0.322916667,commute
FB30034,1,M,46,440,2015,515,7,75,NO,0.510416667,0.180555556,0.309027778,commute
FB32163,1,F,23,420,2015,410,3,-10,NO,0.385416667,0.333333333,0.28125,commute
FB30072,2,M,140,440,2015,480,8,40,NO,0.319444444,0.25,0.430555556,commute
FB32319,0,M,DB43,380,2015,460,8,80,NO,0.3125,0.243055556,0.444444444,commute
EL60762,1,F,130,335,2015,475,9,140,NO,0.402777778,0.208333333,0.388888889,commute
FB30072,2,M,140,440,2015,480,8,40,NO,0.423611111,0.097222222,0.479166667,forage
EX41793,0,M,DB33,365,2015,455,8,90,NO,0,0.28125,0.71875,commute
FB32335,2,F,6,390,2015,440,9,50,NO,0.173611111,0.201388889,0.625,forage
EY07357,0,F,186,355,2015,405,6,50,NO,0.333333333,0.270833333,0.395833333,commute
FB30024,2,F,120,385,2015,435,8,50,NO,0.291666667,0.364583333,0.34375,forage
FB30047,1,F,46,445,2015,490,9,45,NO,0.142361111,0.402777778,0.454861111,commute
FB30048,0,M,23,455,2015,470,4,15,NO,0.222222222,0.263888889,0.513888889,commute
EK59706,0,F,171,330,2015,440,7,110,NO,0.270833333,0.104166667,0.625,forage
EZ01635,2,F,95,420,2015,455,10,35,NO,0.309027778,0.309027778,0.381944444,forage
FB30048,0,M,23,455,2015,470,4,15,NO,0.336805556,0.201388889,0.461805556,forage
EZ01635,2,F,95,420,2015,455,10,35,NO,0.350694444,0.267361111,0.381944444,commute
EL60762,1,F,130,335,2015,475,9,140,NO,0.295138889,0.159722222,0.545138889,forage
FB32319,0,M,DB43,380,2015,460,8,80,NO,0.375,0.152777778,0.472222222,forage
FB20883,1,F,DB33,355,2015,450,8,95,NO,0.180555556,0.229166667,0.590277778,commute
FB30047,1,F,46,445,2015,490,9,45,NO,0.225694444,0.354166667,0.420138889,forage
EK59706,0,F,171,330,2015,440,7,110,NO,0.208333333,0.125,0.666666667,forage
FB30024,2,F,120,385,2015,435,8,50,NO,0.239583333,0.340277778,0.420138889,forage
FB32335,2,F,6,390,2015,440,9,50,NO,0.083333333,0.319444444,0.597222222,forage
FB30072,2,M,140,440,2015,480,8,40,NO,0.451388889,0.152777778,0.395833333,forage
FB32319,0,M,DB43,380,2015,460,8,80,NO,0.357638889,0.100694444,0.541666667,forage
FB20883,1,F,DB33,355,2015,450,8,95,NO,0.552083333,0.159722222,0.288194444,forage
FB30048,0,M,23,455,2015,470,4,15,NO,0.506944444,0.090277778,0.402777778,forage
FB30072,2,M,140,440,2015,480,8,40,NO,0.416666667,0.118055556,0.465277778,forage
FB32335,2,F,6,390,2015,440,9,50,NO,0.444444444,0.055555556,0.5,forage
FB30024,2,F,120,385,2015,435,8,50,NO,0.663194444,0.076388889,0.260416667,forage
FB30047,1,F,46,445,2015,490,9,45,NO,0.427083333,0.194444444,0.378472222,forage
EL60762,1,F,130,335,2015,475,9,140,NO,0.309027778,0.180555556,0.510416667,forage
EK59706,0,F,171,330,2015,440,7,110,NO,0.506944444,0.083333333,0.409722222,forage
EX93544,2,F,50,375,2015,410,7,35,NO,0.25,0.402777778,0.347222222,commute
FB20883,1,F,DB33,355,2015,450,8,95,NO,0.493055556,0.104166667,0.402777778,forage
FB30024,2,F,120,385,2015,435,8,50,NO,0.461805556,0.166666667,0.371527778,forage
EK59706,0,F,171,330,2015,440,7,110,NO,0.333333333,0.208333333,0.458333333,commute
FB30047,1,F,46,445,2015,490,9,45,NO,0.534722222,0.041666667,0.423611111,forage
FB30048,0,M,23,455,2015,470,4,15,NO,0.392361111,0.194444444,0.413194444,commute
FB32319,0,M,DB43,380,2015,460,8,80,NO,0.5625,0.0625,0.375,forage
FB32335,2,F,6,390,2015,440,9,50,NO,0.416666667,0.034722222,0.548611111,forage
EL60762,1,F,130,335,2015,475,9,140,NO,0.385416667,0.204861111,0.409722222,forage
FB30072,2,M,140,440,2015,480,8,40,NO,0.340277778,0.256944444,0.402777778,forage
EX93544,2,F,50,375,2015,410,7,35,NO,0.472222222,0.097222222,0.430555556,forage
FB32319,0,M,DB43,380,2015,460,8,80,NO,0.666666667,0.03125,0.302083333,forage
FB32335,2,F,6,390,2015,440,9,50,NO,0.3125,0.229166667,0.458333333,forage
FB20883,1,F,DB33,355,2015,450,8,95,NO,0.635416667,0.034722222,0.329861111,forage
FB32163,2,F,23,390,2015,420,7,30,NO,0.46875,0.232638889,0.298611111,commute
FB30024,2,F,120,385,2015,435,8,50,NO,0.361111111,0.208333333,0.430555556,forage
EL60762,1,F,130,335,2015,475,9,140,NO,0.451388889,0.138888889,0.409722222,forage
FB30047,1,F,46,445,2015,490,9,45,NO,0.659722222,0.006944444,0.333333333,forage
EX93544,2,F,50,375,2015,410,7,35,NO,0.461805556,0.208333333,0.329861111,forage
FB30072,2,M,140,440,2015,480,8,40,NO,0.090277778,0.506944444,0.402777778,forage
FB32319,0,M,DB43,380,2015,460,8,80,NO,0.746527778,0.034722222,0.21875,forage
FB30024,2,F,120,385,2015,435,8,50,NO,0.625,0.027777778,0.347222222,forage
FB20883,1,F,DB33,355,2015,450,8,95,NO,0.638888889,0.027777778,0.333333333,forage
FB30072,2,M,140,440,2015,480,8,40,NO,0.402777778,0.034722222,0.5625,forage
FB32163,2,F,23,390,2015,420,7,30,NO,0.513888889,0.059027778,0.427083333,forage
FB32335,2,F,6,390,2015,440,9,50,NO,0.291666667,0.215277778,0.493055556,forage
FB30047,1,F,46,445,2015,490,9,45,NO,0.552083333,0.1875,0.260416667,forage
EL60762,1,F,130,335,2015,475,9,140,NO,0.46875,0.173611111,0.357638889,forage
EX93544,2,F,50,375,2015,410,7,35,NO,0.65625,0.076388889,0.267361111,forage
FB32319,0,M,DB43,380,2015,460,8,80,NO,0.659722222,0.03125,0.309027778,forage
FB32335,2,F,6,390,2015,440,9,50,NO,0.319444444,0.104166667,0.576388889,forage
FB32163,2,F,23,390,2015,420,7,30,NO,0.423611111,0.072916667,0.503472222,forage
EL60762,1,F,130,335,2015,475,9,140,NO,0.451388889,0.097222222,0.451388889,forage
EX93544,2,F,50,375,2015,410,7,35,NO,0.121527778,0.326388889,0.552083333,forage
FB20883,1,F,DB33,355,2015,450,8,95,NO,0.715277778,0.027777778,0.256944444,forage
FB30024,2,F,120,385,2015,435,8,50,NO,0.378472222,0.277777778,0.34375,commute
FB30047,1,F,46,445,2015,490,9,45,NO,0.642361111,0.118055556,0.239583333,forage
FB30072,2,M,140,440,2015,480,8,40,NO,0.215277778,0.444444444,0.340277778,commute
FB20883,1,F,DB33,355,2015,450,8,95,NO,0.649305556,0.038194444,0.3125,forage
FB32319,0,M,DB43,380,2015,460,8,80,NO,0.482638889,0.260416667,0.256944444,commute
EL60762,1,F,130,335,2015,475,9,140,NO,0.708333333,0.083333333,0.208333333,forage
FB32163,2,F,23,390,2015,420,7,30,NO,0.493055556,0.038194444,0.46875,forage
FB30047,1,F,46,445,2015,490,9,45,NO,0.579861111,0.048611111,0.371527778,forage
EX93544,2,F,50,375,2015,410,7,35,NO,0.399305556,0.107638889,0.493055556,forage
FB32335,2,F,6,390,2015,440,9,50,NO,0.583333333,0.055555556,0.361111111,commute
FB30047,1,F,46,445,2015,490,9,45,NO,0.541666667,0.291666667,0.166666667,commute
EX83006,1,F,DB43,390,2015,450,10,60,NO,0.145833333,0.46875,0.385416667,commute
EL60762,1,F,130,335,2015,475,9,140,NO,0.579861111,0.243055556,0.177083333,commute
FB20883,1,F,DB33,355,2015,450,8,95,NO,0.611111111,0.173611111,0.215277778,commute
FB32163,2,F,23,390,2015,420,7,30,NO,0.715277778,0.006944444,0.277777778,forage
EX93544,2,F,50,375,2015,410,7,35,NO,0.402777778,0.256944444,0.340277778,commute
EX83006,1,F,DB43,390,2015,450,10,60,NO,0.201388889,0.225694444,0.572916667,forage
EX41793,1,M,DB33,375,2015,465,5,90,NO,0,0.173611111,0.826388889,commute
EY07357,1,F,186,335,2015,420,7,85,NO,0.180555556,0.138888889,0.680555556,commute
FB30034,2,M,46,435,2015,500,7,65,NO,0.302083333,0.434027778,0.263888889,commute
FB32163,2,F,23,390,2015,420,7,30,NO,0.666666667,0.079861111,0.253472222,forage
EK59706,1,F,171,385,2015,425,7,40,NO,0.430555556,0.229166667,0.340277778,commute
FB30034,2,M,46,435,2015,500,7,65,NO,0.597222222,0.059027778,0.34375,forage
EX41793,1,M,DB33,375,2015,465,5,90,NO,0,0.041666667,0.958333333,forage
EX83006,1,F,DB43,390,2015,450,10,60,NO,0.40625,0.131944444,0.461805556,forage
EY07357,1,F,186,335,2015,420,7,85,NO,0.326388889,0.166666667,0.506944444,forage
FB32163,2,F,23,390,2015,420,7,30,NO,0.798611111,0.076388889,0.125,commute
FB30034,2,M,46,435,2015,500,7,65,NO,0.513888889,0.131944444,0.354166667,forage
EK59706,1,F,171,385,2015,425,7,40,NO,0.548611111,0.020833333,0.430555556,forage
EX83006,1,F,DB43,390,2015,450,10,60,NO,0.368055556,0.277777778,0.354166667,forage
EY07357,1,F,186,335,2015,420,7,85,NO,0.430555556,0.034722222,0.534722222,forage
EX41793,1,M,DB33,375,2015,465,5,90,NO,0,0.076388889,0.923611111,forage
FB30034,2,M,46,435,2015,500,7,65,NO,0.472222222,0.166666667,0.361111111,forage
EX41793,1,M,DB33,375,2015,465,5,90,NO,0,0.090277778,0.909722222,forage
EX83006,1,F,DB43,390,2015,450,10,60,NO,0.25,0.340277778,0.409722222,forage
EK59706,1,F,171,385,2015,425,7,40,NO,0.472222222,0.0625,0.465277778,forage
EY07357,1,F,186,335,2015,420,7,85,NO,0.430555556,0.090277778,0.479166667,forage
EX41793,1,M,DB33,375,2015,465,5,90,NO,0,0.149305556,0.850694444,commute
EX83006,1,F,DB43,390,2015,450,10,60,NO,0.274305556,0.215277778,0.510416667,forage
EK59706,1,F,171,385,2015,425,7,40,NO,0.340277778,0.027777778,0.631944444,forage
EY07357,1,F,186,335,2015,420,7,85,NO,0.493055556,0.013888889,0.493055556,forage
FB30034,2,M,46,435,2015,500,7,65,NO,0.385416667,0.177083333,0.4375,forage
FB30024,3,F,120,375,2015,440,8,65,NO,0.164930556,0.678819444,0.15625,commute
EY07357,1,F,186,335,2015,420,7,85,NO,0.458333333,0.034722222,0.506944444,forage
EX83006,1,F,DB43,390,2015,450,10,60,NO,0.34375,0.069444444,0.586805556,forage
FB30034,2,M,46,435,2015,500,7,65,NO,0.440972222,0.128472222,0.430555556,forage
EK59706,1,F,171,385,2015,425,7,40,NO,0.611111111,0.006944444,0.381944444,forage
FB20883,2,F,DB33,400,2015,430,7,30,NO,0.430555556,0.260416667,0.309027778,commute
EX83006,1,F,DB43,390,2015,450,10,60,NO,0.597222222,0.041666667,0.361111111,forage
EX93544,3,F,50,370,2015,420,6,50,NO,0.305555556,0.326388889,0.368055556,commute
EK59706,1,F,171,385,2015,425,7,40,NO,0.666666667,0,0.333333333,forage
FB20883,2,F,DB33,400,2015,430,7,30,NO,0.697916667,0.059027778,0.243055556,forage
FB30034,2,M,46,435,2015,500,7,65,NO,0.381944444,0.34375,0.274305556,commute
FB30024,3,F,120,375,2015,440,8,65,NO,0.270833333,0.572916667,0.15625,forage
EY07357,1,F,186,335,2015,420,7,85,NO,0.409722222,0.180555556,0.409722222,commute
EX93544,3,F,50,370,2015,420,6,50,NO,0.423611111,0.1875,0.388888889,forage
EX83006,1,F,DB43,390,2015,450,10,60,NO,0.534722222,0.055555556,0.409722222,forage
EK59706,1,F,171,385,2015,425,7,40,NO,0.347222222,0.298611111,0.354166667,commute
FB32335,3,F,6,365,2015,470,7,105,NO,0.083333333,0.333333333,0.583333333,commute
FB20883,2,F,DB33,400,2015,430,7,30,NO,0.607638889,0.083333333,0.309027778,forage
FB30024,3,F,120,375,2015,440,8,65,NO,0.203125,0.595486111,0.201388889,forage
FB32335,3,F,6,365,2015,470,7,105,NO,0.354166667,0.166666667,0.479166667,forage
EX83006,1,F,DB43,390,2015,450,10,60,NO,0.520833333,0.232638889,0.246527778,commute
FB20883,2,F,DB33,400,2015,430,7,30,NO,0.576388889,0.194444444,0.229166667,forage
FB30024,3,F,120,375,2015,440,8,65,NO,0.199652778,0.638888889,0.161458333,forage
EX93544,3,F,50,370,2015,420,6,50,NO,0.364583333,0.236111111,0.399305556,forage
FB32335,3,F,6,365,2015,470,7,105,NO,0.361111111,0.083333333,0.555555556,forage
FB20883,2,F,DB33,400,2015,430,7,30,NO,0.038194444,0.940972222,0.020833333,forage
FB30024,3,F,120,375,2015,440,8,65,NO,0.288194444,0.550347222,0.161458333,forage
EX93544,3,F,50,370,2015,420,6,50,NO,0.53125,0.09375,0.375,forage
FB32335,3,F,6,365,2015,470,7,105,NO,0.451388889,0.020833333,0.527777778,forage
EL60762,2,F,130,365,2015,440,8,75,NO,0.840277778,0.135416667,0.024305556,commute
FB30024,3,F,120,375,2015,440,8,65,NO,0.184027778,0.628472222,0.1875,forage
FB20883,2,F,DB33,400,2015,430,7,30,NO,0.65625,0.138888889,0.204861111,forage
EX93544,3,F,50,370,2015,420,6,50,NO,0.527777778,0.09375,0.378472222,forage
FB32335,3,F,6,365,2015,470,7,105,NO,0.458333333,0.027777778,0.513888889,forage
FB30024,3,F,120,375,2015,440,8,65,NO,0.251736111,0.586805556,0.161458333,forage
EX93544,3,F,50,370,2015,420,6,50,NO,0.416666667,0.347222222,0.236111111,commute
FB20883,2,F,DB33,400,2015,430,7,30,NO,0.684027778,0.09375,0.222222222,commute
EL60762,2,F,130,365,2015,440,8,75,NO,0.65625,0.065972222,0.277777778,forage
FB32335,3,F,6,365,2015,470,7,105,NO,0.291666667,0.111111111,0.597222222,forage
FB30024,3,F,120,375,2015,440,8,65,NO,0.236111111,0.661458333,0.102430556,commute
EX41793,2,M,DB33,390,2015,450,4,60,NO,0,0.267361111,0.732638889,commute
EL60762,2,F,130,365,2015,440,8,75,NO,0.565972222,0.125,0.309027778,forage
EL60762,2,F,130,365,2015,440,8,75,NO,0.579861111,0.041666667,0.378472222,forage
EX41793,2,M,DB33,390,2015,450,4,60,NO,0,0.201388889,0.798611111,forage
FB32335,3,F,6,365,2015,470,7,105,NO,0.583333333,0.118055556,0.298611111,commute
EL60762,2,F,130,365,2015,440,8,75,NO,0.423611111,0.184027778,0.392361111,forage
EY07357,2,F,186,370,2015,420,11,50,NO,0.159722222,0.159722222,0.680555556,forage
EX41793,2,M,DB33,390,2015,450,4,60,NO,0,0.177083333,0.822916667,forage
EX41793,2,M,DB33,390,2015,450,4,60,NO,0,0.260416667,0.739583333,commute
EK59706,2,F,171,360,2015,440,6,80,NO,0.569444444,0.222222222,0.208333333,commute
EL60762,2,F,130,365,2015,440,8,75,NO,0.364583333,0.114583333,0.520833333,forage
EY07357,2,F,186,370,2015,420,11,50,NO,0.381944444,0.034722222,0.583333333,forage
EK59706,2,F,171,360,2015,440,6,80,NO,0.625,0.069444444,0.305555556,forage
EL60762,2,F,130,365,2015,440,8,75,NO,0.447916667,0.118055556,0.434027778,forage
FB20883,3,F,DB33,390,2015,440,5,50,NO,0.364583333,0.239583333,0.395833333,commute
EY07357,2,F,186,370,2015,420,11,50,NO,0.472222222,0.0625,0.465277778,forage
EK59706,2,F,171,360,2015,440,6,80,NO,0.666666667,0,0.333333333,forage
EY07357,2,F,186,370,2015,420,11,50,NO,0.451388889,0.027777778,0.520833333,forage
EL60762,2,F,130,365,2015,440,8,75,NO,0.447916667,0.274305556,0.277777778,commute
FB20883,3,F,DB33,390,2015,440,5,50,NO,0.576388889,0.104166667,0.319444444,forage
FB20883,3,F,DB33,390,2015,440,5,50,NO,0.597222222,0.152777778,0.25,forage
EY07357,2,F,186,370,2015,420,11,50,NO,0.472222222,0.041666667,0.486111111,forage
EK59706,2,F,171,360,2015,440,6,80,NO,0.611111111,0.027777778,0.361111111,forage
FB20883,3,F,DB33,390,2015,440,5,50,NO,0.482638889,0.190972222,0.326388889,forage
EY07357,2,F,186,370,2015,420,11,50,NO,0.444444444,0.090277778,0.465277778,forage
EK59706,2,F,171,360,2015,440,6,80,NO,0.583333333,0.0625,0.354166667,forage
EY07357,2,F,186,370,2015,420,11,50,NO,0.201388889,0.215277778,0.583333333,forage
EK59706,2,F,171,360,2015,440,6,80,NO,0.298611111,0.347222222,0.354166667,commute
FB20883,3,F,DB33,390,2015,440,5,50,NO,0.277777778,0.427083333,0.295138889,commute
EY07357,2,F,186,370,2015,420,11,50,NO,0.409722222,0.263888889,0.326388889,forage
EY07357,2,F,186,370,2015,420,11,50,NO,0,0.993055556,0.006944444,commute
EX41743,1,M,DB14,375,2016,460,7,85,NO,0.3125,0.020833333,0.666666667,commute
EX41743,1,M,DB14,375,2016,460,7,85,NO,0.402777778,0,0.597222222,forage
EX41743,1,M,DB14,375,2016,460,7,85,NO,0.402777778,0.076388889,0.520833333,forage
FB24514,0,M,202,385,2016,480,6,95,NO,0.194444444,0.347222222,0.458333333,commute
FB24514,0,M,202,385,2016,480,6,95,NO,0.201388889,0.208333333,0.590277778,forage
EX41743,1,M,DB14,375,2016,460,7,85,NO,0.333333333,0.069444444,0.597222222,forage
FB24514,0,M,202,385,2016,480,6,95,NO,0.215277778,0.243055556,0.541666667,forage
EJ99550,0,F,201,430,2016,445,6,15,NO,0.263888889,0.243055556,0.493055556,commute
EX41743,1,M,DB14,375,2016,460,7,85,NO,0.270833333,0.076388889,0.652777778,forage
EJ99550,0,F,201,430,2016,445,6,15,NO,0.423611111,0.0625,0.513888889,forage
EX41743,1,M,DB14,375,2016,460,7,85,NO,0.541666667,0.180555556,0.277777778,forage
FB24514,0,M,202,385,2016,480,6,95,NO,0.305555556,0.152777778,0.541666667,forage
EX93861,0,F,145,465,2016,450,3,-15,NO,0.534722222,0.180555556,0.284722222,commute
EX41743,1,M,DB14,375,2016,460,7,85,NO,0.222222222,0.256944444,0.520833333,commute
FB24514,0,M,202,385,2016,480,6,95,NO,0.354166667,0.256944444,0.388888889,forage
EX93861,0,F,145,465,2016,450,3,-15,NO,0.680555556,0.013888889,0.305555556,forage
EJ99550,0,F,201,430,2016,445,6,15,NO,0.4375,0.048611111,0.513888889,forage
EX93861,0,F,145,465,2016,450,3,-15,NO,0.486111111,0.0625,0.451388889,commute
EJ99550,0,F,201,430,2016,445,6,15,NO,0.444444444,0.069444444,0.486111111,forage
FB24514,0,M,202,385,2016,480,6,95,NO,0.520833333,0.145833333,0.333333333,commute
EJ99550,0,F,201,430,2016,445,6,15,NO,0.423611111,0.0625,0.513888889,forage
EJ99550,0,F,201,430,2016,445,6,15,NO,0.458333333,0.1875,0.354166667,commute
EZ01652,0,F,88,435,2016,470,8,35,NO,0.243055556,0.319444444,0.4375,commute
EK59717,0,M,44,390,2016,470,7,80,NO,0.222222222,0.208333333,0.569444444,commute
EK59717,0,M,44,390,2016,470,7,80,NO,0.354166667,0.145833333,0.5,forage
FB24514,1,M,202,460,2016,430,1,-30,NO,0.319444444,0.465277778,0.215277778,commute
EZ01652,0,F,88,435,2016,470,8,35,NO,0.465277778,0.145833333,0.388888889,forage
EX93861,1,F,145,430,2016,455,7,25,NO,0.430555556,0.083333333,0.486111111,commute
EK59717,0,M,44,390,2016,470,7,80,NO,0.333333333,0.159722222,0.506944444,forage
EZ01652,0,F,88,435,2016,470,8,35,NO,0.319444444,0.236111111,0.444444444,forage
EX93861,1,F,145,430,2016,455,7,25,NO,0.416666667,0.034722222,0.548611111,forage
EZ01652,0,F,88,435,2016,470,8,35,NO,0.451388889,0.145833333,0.402777778,forage
EX93861,1,F,145,430,2016,455,7,25,NO,0.493055556,0.055555556,0.451388889,forage
EK59717,0,M,44,390,2016,470,7,80,NO,0.486111111,0.055555556,0.458333333,forage
EZ01652,0,F,88,435,2016,470,8,35,NO,0.375,0.055555556,0.569444444,forage
EK59717,0,M,44,390,2016,470,7,80,NO,0.527777778,0.055555556,0.416666667,forage
EX93861,1,F,145,430,2016,455,7,25,NO,0.402777778,0.173611111,0.423611111,forage
EZ01652,0,F,88,435,2016,470,8,35,NO,0.305555556,0.173611111,0.520833333,forage
EX93861,1,F,145,430,2016,455,7,25,NO,0.395833333,0.326388889,0.277777778,forage
FB30617,0,F,205,400,2016,460,8,60,NO,0.263888889,0.326388889,0.409722222,commute
FB30382,0,M,206,415,2016,510,7,95,NO,0.270833333,0.263888889,0.465277778,commute
EK59717,0,M,44,390,2016,470,7,80,NO,0.4375,0.069444444,0.493055556,forage
FB24514,2,M,202,410,2016,430,7,20,NO,0.125,0.416666667,0.458333333,commute
FB30382,0,M,206,415,2016,510,7,95,NO,0.479166667,0.069444444,0.451388889,forage
EK59717,0,M,44,390,2016,470,7,80,NO,0.381944444,0.263888889,0.354166667,commute
FB30617,0,F,205,400,2016,460,8,60,NO,0.333333333,0.25,0.416666667,forage
EZ01652,0,F,88,435,2016,470,8,35,NO,0.409722222,0.111111111,0.479166667,forage
FB24514,2,M,202,410,2016,430,7,20,NO,0.361111111,0.138888889,0.5,forage
EX93861,1,F,145,430,2016,455,7,25,NO,0.381944444,0.076388889,0.541666667,forage
FB24514,2,M,202,410,2016,430,7,20,NO,0.270833333,0.236111111,0.493055556,forage
EZ01652,0,F,88,435,2016,470,8,35,NO,0.451388889,0.083333333,0.465277778,commute
FB30382,0,M,206,415,2016,510,7,95,NO,0.326388889,0.152777778,0.520833333,forage
EJ99550,1,F,201,415,2016,465,7,50,NO,0.3125,0.270833333,0.416666667,commute
FB30617,0,F,205,400,2016,460,8,60,NO,0.291666667,0.208333333,0.5,forage
EX41743,2,M,DB14,415,2016,440,6,25,NO,0.277777778,0.319444444,0.402777778,forage
EX93861,1,F,145,430,2016,455,7,25,NO,0.576388889,0.0625,0.361111111,commute
EJ99550,1,F,201,415,2016,465,7,50,NO,0.493055556,0.090277778,0.416666667,forage
FB30382,0,M,206,415,2016,510,7,95,NO,0.368055556,0.069444444,0.5625,forage
FB30617,0,F,205,400,2016,460,8,60,NO,0.395833333,0.048611111,0.555555556,forage
FB24514,2,M,202,410,2016,430,7,20,NO,0.534722222,0.027777778,0.4375,forage
EX41743,2,M,DB14,415,2016,440,6,25,NO,0.576388889,0.006944444,0.416666667,commute
EJ99550,1,F,201,415,2016,465,7,50,NO,0.590277778,0.027777778,0.381944444,forage
FB30382,0,M,206,415,2016,510,7,95,NO,0.604166667,0.006944444,0.388888889,forage
FB30617,0,F,205,400,2016,460,8,60,NO,0.534722222,0.076388889,0.388888889,forage
FB24514,2,M,202,410,2016,430,7,20,NO,0.4375,0.125,0.4375,forage
EJ99550,1,F,201,415,2016,465,7,50,NO,0.597222222,0.013888889,0.388888889,forage
FB30382,0,M,206,415,2016,510,7,95,NO,0.4375,0.104166667,0.458333333,forage
FB24514,2,M,202,410,2016,430,7,20,NO,0.527777778,0.118055556,0.354166667,forage
FB30617,0,F,205,400,2016,460,8,60,NO,0.4375,0.111111111,0.451388889,forage
FB30382,0,M,206,415,2016,510,7,95,NO,0.5,0.090277778,0.409722222,commute
FB30617,0,F,205,400,2016,460,8,60,NO,0.305555556,0.0625,0.631944444,forage
FB24514,2,M,202,410,2016,430,7,20,NO,0.368055556,0.152777778,0.479166667,commute
EJ99550,1,F,201,415,2016,465,7,50,NO,0.5625,0.041666667,0.395833333,forage
EJ99550,1,F,201,415,2016,465,7,50,NO,0.6875,0,0.3125,forage
FB30617,0,F,205,400,2016,460,8,60,NO,0.25,0.395833333,0.354166667,commute
EK59717,1,M,44,NA,2016,470,10,NA,NO,0.201388889,0.319444444,0.479166667,commute
EJ99550,1,F,201,415,2016,465,7,50,NO,0.569444444,0.222222222,0.208333333,commute
EK59717,1,M,44,NA,2016,470,10,NA,NO,0.395833333,0.090277778,0.513888889,forage
EK59717,1,M,44,NA,2016,470,10,NA,NO,0.381944444,0.027777778,0.590277778,forage
EK59717,1,M,44,NA,2016,470,10,NA,NO,0.430555556,0.180555556,0.388888889,forage
EZ01652,1,F,88,375,2016,465,8,90,NO,0.208333333,0.236111111,0.555555556,commute
EK59739,0,M,167,430,2016,480,4,50,NO,0.229166667,0.263888889,0.506944444,commute
EK59717,1,M,44,NA,2016,470,10,NA,NO,0.298611111,0.243055556,0.458333333,forage
EK59739,0,M,167,430,2016,480,4,50,NO,0.430555556,0.076388889,0.493055556,forage
FB30382,1,M,206,455,2016,490,9,35,NO,0.055555556,0.388888889,0.555555556,commute
EZ01652,1,F,88,375,2016,465,8,90,NO,0.520833333,0.006944444,0.472222222,forage
EK59717,1,M,44,NA,2016,470,10,NA,NO,0.305555556,0.166666667,0.527777778,forage
EZ01652,1,F,88,375,2016,465,8,90,NO,0.5,0,0.5,forage
EK59717,1,M,44,NA,2016,470,10,NA,NO,0.3125,0.173611111,0.513888889,forage
EK59739,0,M,167,430,2016,480,4,50,NO,0.618055556,0.013888889,0.368055556,forage
FB30382,1,M,206,455,2016,490,9,35,NO,0.430555556,0.0625,0.506944444,forage
EZ01652,1,F,88,375,2016,465,8,90,NO,0.576388889,0.027777778,0.395833333,forage
EK59717,1,M,44,NA,2016,470,10,NA,NO,0.347222222,0.173611111,0.479166667,forage
EK59739,0,M,167,430,2016,480,4,50,NO,0.340277778,0.159722222,0.5,commute
EX93861,2,F,145,360,2016,460,8,100,NO,0.173611111,0.291666667,0.534722222,commute
FB30617,1,F,205,395,2016,510,8,115,NO,0.083333333,0.548611111,0.368055556,commute
FB30382,1,M,206,455,2016,490,9,35,NO,0.361111111,0.1875,0.451388889,forage
EZ01652,1,F,88,375,2016,465,8,90,NO,0.604166667,0.027777778,0.368055556,forage
EK59717,1,M,44,NA,2016,470,10,NA,NO,0.402777778,0.083333333,0.513888889,forage
FB30617,1,F,205,395,2016,510,8,115,NO,0.243055556,0.222222222,0.534722222,forage
EX93861,2,F,145,360,2016,460,8,100,NO,0.354166667,0.180555556,0.465277778,forage
FB30382,1,M,206,455,2016,490,9,35,NO,0.388888889,0.097222222,0.513888889,forage
FB30617,1,F,205,395,2016,510,8,115,NO,0.305555556,0.145833333,0.548611111,forage
EZ01652,1,F,88,375,2016,465,8,90,NO,0.5625,0.020833333,0.416666667,forage
EK59717,1,M,44,NA,2016,470,10,NA,NO,0.395833333,0.215277778,0.388888889,commute
FB30382,1,M,206,455,2016,490,9,35,NO,0.451388889,0.097222222,0.451388889,forage
EX93861,2,F,145,360,2016,460,8,100,NO,0.333333333,0.159722222,0.506944444,forage
FB30617,1,F,205,395,2016,510,8,115,NO,0.444444444,0.131944444,0.423611111,forage
FB30382,1,M,206,455,2016,490,9,35,NO,0.388888889,0.069444444,0.541666667,forage
EX93861,2,F,145,360,2016,460,8,100,NO,0.340277778,0.041666667,0.618055556,forage
EZ01652,1,F,88,375,2016,465,8,90,NO,0.465277778,0.138888889,0.395833333,forage
EZ01652,1,F,88,375,2016,465,8,90,NO,0.486111111,0.347222222,0.166666667,commute
EX93861,2,F,145,360,2016,460,8,100,NO,0.402777778,0.076388889,0.520833333,forage
EX41743,3,M,DB14,355,2016,445,7,90,NO,0.201388889,0.229166667,0.569444444,forage
FB30382,1,M,206,455,2016,490,9,35,NO,0.520833333,0.104166667,0.375,forage
FB30617,1,F,205,395,2016,510,8,115,NO,0.444444444,0.111111111,0.444444444,forage
FB30382,1,M,206,455,2016,490,9,35,NO,0.430555556,0.048611111,0.520833333,forage
EK59739,1,M,167,485,2016,470,7,-15,NO,0.270833333,0.333333333,0.395833333,commute
FB30617,1,F,205,395,2016,510,8,115,NO,0.326388889,0.173611111,0.5,forage
EX41743,3,M,DB14,355,2016,445,7,90,NO,0.444444444,0.076388889,0.479166667,commute
EX93861,2,F,145,360,2016,460,8,100,NO,0.340277778,0.076388889,0.583333333,forage
EK59739,1,M,167,485,2016,470,7,-15,NO,0.5,0.048611111,0.451388889,forage
FB30617,1,F,205,395,2016,510,8,115,NO,0.284722222,0.277777778,0.4375,forage
EX93861,2,F,145,360,2016,460,8,100,NO,0.479166667,0.055555556,0.465277778,forage
FB30382,1,M,206,455,2016,490,9,35,NO,0.430555556,0.1875,0.381944444,commute
EX41743,4,M,DB14,445,2016,410,4,-35,YES,0.388888889,0.104166667,0.506944444,commute
EX93861,2,F,145,360,2016,460,8,100,NO,0.4375,0.270833333,0.291666667,commute
EK59739,1,M,167,485,2016,470,7,-15,NO,0.506944444,0.020833333,0.472222222,forage
FB30617,1,F,205,395,2016,510,8,115,NO,0.493055556,0.256944444,0.25,commute
EK59739,1,M,167,485,2016,470,7,-15,NO,0.444444444,0.055555556,0.5,forage
EX41743,4,M,DB14,445,2016,410,4,-35,YES,0.673611111,0.0625,0.263888889,forage
EX41743,4,M,DB14,445,2016,410,4,-35,YES,0.541666667,0.104166667,0.354166667,forage
EK59739,1,M,167,485,2016,470,7,-15,NO,0.3125,0.152777778,0.534722222,forage
EX41743,4,M,DB14,445,2016,410,4,-35,YES,0.006944444,0.993055556,0,commute
EK59739,1,M,167,485,2016,470,7,-15,NO,0.284722222,0.166666667,0.548611111,forage
EK59739,1,M,167,485,2016,470,7,-15,NO,0.333333333,0.201388889,0.465277778,commute
EX41743,5,M,DB14,410,2016,405,1,-5,YES,0.201388889,0.3125,0.486111111,commute
FB30034,0,M,46,NA,2017,NA,7,NA,NO,0.628472222,0.020833333,0.350694444,forage
FB30034,0,M,46,NA,2017,NA,7,NA,NO,0.555555556,0.149305556,0.295138889,forage
FB30034,0,M,46,NA,2017,NA,7,NA,NO,0.489583333,0.090277778,0.420138889,forage
FB30034,0,M,46,NA,2017,NA,7,NA,NO,0.628472222,0.024305556,0.347222222,forage
FB30034,0,M,46,NA,2017,NA,7,NA,NO,0.732638889,0.020833333,0.246527778,forage
FB30034,0,M,46,NA,2017,NA,7,NA,NO,0.569444444,0.027777778,0.402777778,forage
FB30034,0,M,46,NA,2017,NA,7,NA,NO,0.378472222,0.378472222,0.243055556,commute
EZ72866,0,F,DB18,345,2018,410,5,65,NO,0.347222222,0.083333333,0.569444444,commute
EZ72866,0,F,DB18,345,2018,410,5,65,NO,0.416666667,0.027777778,0.555555556,forage
EZ72866,0,F,DB18,345,2018,410,5,65,NO,0.340277778,0.013888889,0.645833333,forage
EZ72866,0,F,DB18,345,2018,410,5,65,NO,0.479166667,0.013888889,0.506944444,forage
EZ72866,0,F,DB18,345,2018,410,5,65,NO,0.416666667,0.173611111,0.409722222,commute
EY07280,0,M,DB4,390,2018,430,7,40,NO,0.388888889,0.166666667,0.444444444,forage
EZ72736,0,F,81,405,2018,410,3,5,NO,0.493055556,0.104166667,0.402777778,commute
EX41756,1,M,DB18,445,2018,480,6,35,NO,0.416666667,0.25,0.333333333,commute
EZ72736,0,F,81,405,2018,410,3,5,NO,0.708333333,0.027777778,0.263888889,forage
EY07280,0,M,DB4,390,2018,430,7,40,NO,0.590277778,0.0625,0.347222222,forage
FB32243,0,F,186,395,2018,435,2,40,NO,0.416666667,0.236111111,0.347222222,commute
EX41756,1,M,DB18,445,2018,480,6,35,NO,0.513888889,0.069444444,0.416666667,forage
EZ72736,0,F,81,405,2018,410,3,5,NO,0.354166667,0.222222222,0.423611111,commute
EY07280,0,M,DB4,390,2018,430,7,40,NO,0.423611111,0.097222222,0.479166667,forage
EY07280,0,M,DB4,390,2018,430,7,40,NO,0.333333333,0.069444444,0.597222222,forage
EX41756,1,M,DB18,445,2018,480,6,35,NO,0.659722222,0.027777778,0.3125,forage
FB32243,0,F,186,395,2018,435,2,40,NO,0.451388889,0.097222222,0.451388889,commute
EX41756,1,M,DB18,445,2018,480,6,35,NO,0.611111111,0.076388889,0.3125,forage
EY07280,0,M,DB4,390,2018,430,7,40,NO,0.333333333,0.041666667,0.625,forage
EY07280,0,M,DB4,390,2018,430,7,40,NO,0.229166667,0.201388889,0.569444444,forage
EX41756,1,M,DB18,445,2018,480,6,35,NO,0.548611111,0.083333333,0.368055556,forage
FB30521,0,M,88,380,2018,470,8,90,NO,0.409722222,0.159722222,0.430555556,forage
EY07280,0,M,DB4,390,2018,430,7,40,NO,0.173611111,0.173611111,0.652777778,commute
EX41756,1,M,DB18,445,2018,480,6,35,NO,0.5,0.145833333,0.354166667,commute
EZ72736,1,F,81,400,2018,400,5,0,NO,0.326388889,0.118055556,0.555555556,commute
EZ72866,1,F,DB18,375,2018,395,9,20,NO,0.395833333,0.208333333,0.395833333,commute
EZ72736,1,F,81,400,2018,400,5,0,NO,0.590277778,0.048611111,0.361111111,forage
FB30521,0,M,88,380,2018,470,8,90,NO,0.472222222,0.090277778,0.4375,forage
EZ72866,1,F,DB18,375,2018,395,9,20,NO,0.520833333,0,0.479166667,forage
FB30521,0,M,88,380,2018,470,8,90,NO,0.520833333,0.069444444,0.409722222,forage
EZ72736,1,F,81,400,2018,400,5,0,NO,0.4375,0.152777778,0.409722222,forage
FB30521,0,M,88,380,2018,470,8,90,NO,0.444444444,0.159722222,0.395833333,forage
FB32243,1,F,186,405,2018,430,2,25,NO,0.430555556,0.152777778,0.416666667,commute
EZ72866,1,F,DB18,375,2018,395,9,20,NO,0.416666667,0.027777778,0.555555556,forage
EZ72736,1,F,81,400,2018,400,5,0,NO,0.618055556,0.0625,0.319444444,forage
FB30521,0,M,88,380,2018,470,8,90,NO,0.451388889,0.069444444,0.479166667,forage
EZ72866,1,F,DB18,375,2018,395,9,20,NO,0.541666667,0.034722222,0.423611111,forage
FB32243,1,F,186,405,2018,430,2,25,NO,0.506944444,0.083333333,0.409722222,commute
EZ72736,1,F,81,400,2018,400,5,0,NO,0.409722222,0.194444444,0.395833333,commute
FB30521,0,M,88,380,2018,470,8,90,NO,0.5625,0.069444444,0.368055556,forage
EZ72866,1,F,DB18,375,2018,395,9,20,NO,0.555555556,0.055555556,0.388888889,forage
EZ72866,1,F,DB18,375,2018,395,9,20,NO,0.541666667,0.027777778,0.430555556,forage
FB30521,0,M,88,380,2018,470,8,90,NO,0.5625,0.006944444,0.430555556,forage
FB30521,0,M,88,380,2018,470,8,90,NO,0.666666667,0.131944444,0.201388889,commute
EZ72866,1,F,DB18,375,2018,395,9,20,NO,0.555555556,0.145833333,0.298611111,commute
EY07280,1,M,DB4,395,2018,445,6,50,NO,0.236111111,0.263888889,0.5,forage
EY07280,1,M,DB4,395,2018,445,6,50,NO,0.319444444,0.229166667,0.451388889,forage
FB32243,2,F,186,385,2018,415,4,30,NO,0.479166667,0.173611111,0.347222222,commute
EY07280,1,M,DB4,395,2018,445,6,50,NO,0.090277778,0.208333333,0.701388889,forage
EX41756,2,M,DB18,405,2018,485,6,80,NO,0.402777778,0.083333333,0.513888889,commute
EY07280,1,M,DB4,395,2018,445,6,50,NO,0.368055556,0.159722222,0.472222222,forage
FB32243,2,F,186,385,2018,415,4,30,NO,0.604166667,0.041666667,0.354166667,forage
EX41756,2,M,DB18,405,2018,485,6,80,NO,0.534722222,0.041666667,0.423611111,forage
FB32243,2,F,186,385,2018,415,4,30,NO,0.5625,0.034722222,0.402777778,forage
EY07280,1,M,DB4,395,2018,445,6,50,NO,0.361111111,0.159722222,0.479166667,forage
EX41756,2,M,DB18,405,2018,485,6,80,NO,0.444444444,0.145833333,0.409722222,forage
EY07280,1,M,DB4,395,2018,445,6,50,NO,0.125,0.458333333,0.416666667,commute
FB32243,2,F,186,385,2018,415,4,30,NO,0.555555556,0.145833333,0.298611111,commute
EZ72736,2,F,81,345,2018,420,9,75,NO,0.375,0.125,0.5,commute
EZ72736,2,F,81,345,2018,420,9,75,NO,0.479166667,0.006944444,0.513888889,forage
EX41756,2,M,DB18,405,2018,485,6,80,NO,0.652777778,0.048611111,0.298611111,forage
EZ72736,2,F,81,345,2018,420,9,75,NO,0.513888889,0.013888889,0.472222222,forage
EX41756,2,M,DB18,405,2018,485,6,80,NO,0.520833333,0.041666667,0.4375,forage
EX41756,2,M,DB18,405,2018,485,6,80,NO,0.458333333,0.118055556,0.423611111,commute
EZ72736,2,F,81,345,2018,420,9,75,NO,0.479166667,0.020833333,0.5,forage
FB30521,1,M,88,405,2018,465,6,60,NO,0.423611111,0.277777778,0.298611111,forage
EZ72736,2,F,81,345,2018,420,9,75,NO,0.479166667,0.048611111,0.472222222,forage
FB30521,1,M,88,405,2018,465,6,60,NO,0.395833333,0.069444444,0.534722222,forage
EZ72736,2,F,81,345,2018,420,9,75,NO,0.520833333,0.013888889,0.465277778,forage
FB30521,1,M,88,405,2018,465,6,60,NO,0.409722222,0.125,0.465277778,forage
EZ72736,2,F,81,345,2018,420,9,75,NO,0.388888889,0.1875,0.423611111,forage
EY07280,2,M,DB4,410,2018,470,8,60,NO,0.138888889,0.409722222,0.451388889,commute
EZ72736,2,F,81,345,2018,420,9,75,NO,0.347222222,0.173611111,0.479166667,forage
FB30521,1,M,88,405,2018,465,6,60,NO,0.479166667,0.173611111,0.347222222,forage
FB32243,3,F,186,370,2018,420,5,50,NO,0.201388889,0.347222222,0.451388889,commute
FB32243,3,F,186,370,2018,420,5,50,NO,0.326388889,0.138888889,0.534722222,forage
EY07280,2,M,DB4,410,2018,470,8,60,NO,0.236111111,0.277777778,0.486111111,forage
EZ72736,2,F,81,345,2018,420,9,75,NO,0.5,0.222222222,0.277777778,commute
FB30521,1,M,88,405,2018,465,6,60,NO,0.333333333,0.125,0.541666667,forage
FB32243,3,F,186,370,2018,420,5,50,NO,0.319444444,0.104166667,0.576388889,forage
EY07280,2,M,DB4,410,2018,470,8,60,NO,0.465277778,0.145833333,0.388888889,forage
FB30521,1,M,88,405,2018,465,6,60,NO,0.354166667,0.291666667,0.354166667,commute
FB32243,3,F,186,370,2018,420,5,50,NO,0.430555556,0.083333333,0.486111111,forage
EY07280,2,M,DB4,410,2018,470,8,60,NO,0.333333333,0.152777778,0.513888889,forage
EY07280,2,M,DB4,410,2018,470,8,60,NO,0.375,0.145833333,0.479166667,forage
FB32243,3,F,186,370,2018,420,5,50,NO,0.361111111,0.1875,0.451388889,commute
EY07280,2,M,DB4,410,2018,470,8,60,NO,0.486111111,0.090277778,0.423611111,forage
EY07280,2,M,DB4,410,2018,470,8,60,NO,0.305555556,0.256944444,0.4375,forage
EY07280,2,M,DB4,410,2018,470,8,60,NO,0.680555556,0.111111111,0.208333333,commute
FB32243,4,F,186,380,2018,430,5,50,NO,0.0625,0.3125,0.625,commute
FB32243,4,F,186,380,2018,430,5,50,NO,0.284722222,0.048611111,0.666666667,forage
FB30521,2,M,88,395,2018,495,7,100,NO,0.361111111,0.256944444,0.381944444,commute
FB32243,4,F,186,380,2018,430,5,50,NO,0.298611111,0.069444444,0.631944444,forage
FB30521,2,M,88,395,2018,495,7,100,NO,0.548611111,0.006944444,0.444444444,forage
FB32243,4,F,186,380,2018,430,5,50,NO,0.208333333,0.166666667,0.625,forage
FB30521,2,M,88,395,2018,495,7,100,NO,0.513888889,0.020833333,0.465277778,forage
FB32243,4,F,186,380,2018,430,5,50,NO,0.270833333,0.215277778,0.513888889,commute
FB30521,2,M,88,395,2018,495,7,100,NO,0.555555556,0.0625,0.381944444,forage
FB30521,2,M,88,395,2018,495,7,100,NO,0.354166667,0.229166667,0.416666667,forage
FB30521,2,M,88,395,2018,495,7,100,NO,0.597222222,0.027777778,0.375,forage
FB30521,2,M,88,395,2018,495,7,100,NO,0.479166667,0.194444444,0.326388889,commute
EX41780,0,M,DB27,420,2019,510,10,90,NO,0.118055556,0.590277778,0.291666667,forage
EX41780,0,M,DB27,420,2019,510,10,90,NO,0.25,0.430555556,0.319444444,forage
EX41780,0,M,DB27,420,2019,510,10,90,NO,0.361111111,0.222222222,0.416666667,forage
EA05388,0,F,18,400,2019,485,7,85,NO,0.388888889,0.173611111,0.4375,commute
EX41780,0,M,DB27,420,2019,510,10,90,NO,0.451388889,0.152777778,0.395833333,forage
FB30654,0,F,42,395,2019,420,3,25,NO,0.236111111,0.3125,0.451388889,forage
EX41780,0,M,DB27,420,2019,510,10,90,NO,0.340277778,0.104166667,0.555555556,forage
EZ01790,0,M,DB1,435,2019,455,4,20,NO,0.354166667,0.1875,0.458333333,commute
EA05388,0,F,18,400,2019,485,7,85,NO,0.548611111,0.055555556,0.395833333,forage
EZ88883,0,M,181,450,2019,450,3,0,NO,0.270833333,0.236111111,0.493055556,commute
EX41793,0,M,DB33,460,2019,450,5,-10,NO,0.4375,0.305555556,0.256944444,forage
FB30654,0,F,42,395,2019,420,3,25,NO,0.527777778,0.097222222,0.375,forage
FB30654,0,F,42,395,2019,420,3,25,NO,0.333333333,0.138888889,0.527777778,commute
EX41780,0,M,DB27,420,2019,510,10,90,NO,0.222222222,0.368055556,0.409722222,forage
EA05388,0,F,18,400,2019,485,7,85,NO,0.409722222,0.076388889,0.513888889,forage
EZ88883,0,M,181,450,2019,450,3,0,NO,0.486111111,0.076388889,0.4375,forage
EX41793,0,M,DB33,460,2019,450,5,-10,NO,0.493055556,0.041666667,0.465277778,forage
EZ01790,0,M,DB1,435,2019,455,4,20,NO,0.461805556,0.114583333,0.423611111,forage
EZ72727,0,M,185,415,2019,420,1,5,YES,0.4375,0.256944444,0.305555556,commute
FB30034,0,M,46,435,2019,510,6,75,NO,0.090277778,0.409722222,0.5,forage
EZ72759,0,F,209,410,2019,415,3,5,NO,0.291666667,0.305555556,0.402777778,commute
EX41793,0,M,DB33,460,2019,450,5,-10,NO,0.527777778,0.013888889,0.458333333,forage
EA05388,0,F,18,400,2019,485,7,85,NO,0.416666667,0.152777778,0.430555556,forage
EZ88883,0,M,181,450,2019,450,3,0,NO,0.402777778,0.1875,0.409722222,commute
EX41728,1,M,42,440,2019,435,3,-5,NO,0.159722222,0.243055556,0.597222222,commute
FB30034,0,M,46,435,2019,510,6,75,NO,0.381944444,0.069444444,0.548611111,forage
EZ72759,0,F,209,410,2019,415,3,5,NO,0.486111111,0.125,0.388888889,forage
EX41780,0,M,DB27,420,2019,510,10,90,NO,0.354166667,0.270833333,0.375,forage
EZ01790,0,M,DB1,435,2019,455,4,20,NO,0.475694444,0.069444444,0.454861111,forage
EA05388,0,F,18,400,2019,485,7,85,NO,0.555555556,0.097222222,0.347222222,forage
EK59654,1,M,209,470,2019,455,8,-15,YES,0.430555556,0.25,0.319444444,commute
EZ72727,1,M,185,420,2019,400,11,-20,YES,0.493055556,0.152777778,0.354166667,commute
EZ72759,0,F,209,410,2019,415,3,5,NO,0.423611111,0.25,0.326388889,commute
FB30034,0,M,46,435,2019,510,6,75,NO,0.513888889,0.013888889,0.472222222,forage
EX41793,0,M,DB33,460,2019,450,5,-10,NO,0.493055556,0.159722222,0.347222222,forage
EZ01635,0,F,95,370,2019,470,12,100,NO,0.520833333,0.118055556,0.361111111,forage
EZ01790,0,M,DB1,435,2019,455,4,20,NO,0.503472222,0.163194444,0.333333333,commute
EX41728,1,M,42,440,2019,435,3,-5,NO,0.229166667,0.145833333,0.625,forage
EX41780,0,M,DB27,420,2019,510,10,90,NO,0.340277778,0.354166667,0.305555556,forage
EZ72727,1,M,185,420,2019,400,11,-20,YES,0.555555556,0.104166667,0.340277778,forage
FB30034,0,M,46,435,2019,510,6,75,NO,0.5625,0.034722222,0.402777778,forage
EK59654,1,M,209,470,2019,455,8,-15,YES,0.381944444,0.111111111,0.506944444,forage
EZ01635,0,F,95,370,2019,470,12,100,NO,0.340277778,0.354166667,0.305555556,forage
EX41728,1,M,42,440,2019,435,3,-5,NO,0.277777778,0.173611111,0.548611111,commute
EA05388,0,F,18,400,2019,485,7,85,NO,0.513888889,0.180555556,0.305555556,forage
EX41780,0,M,DB27,420,2019,510,10,90,NO,0.291666667,0.402777778,0.305555556,forage
EX41793,0,M,DB33,460,2019,450,5,-10,NO,0.701388889,0.041666667,0.256944444,commute
EZ01604,0,F,DB1,415,2019,445,5,30,NO,0.125,0.284722222,0.590277778,commute
EX41734,0,M,DB8,460,2019,500,3,40,NO,0.423611111,0.131944444,0.444444444,forage
EZ72727,1,M,185,420,2019,400,11,-20,YES,0.472222222,0.152777778,0.375,forage
EZ01604,0,F,DB1,415,2019,445,5,30,NO,0.298611111,0.1875,0.513888889,forage
EA05388,0,F,18,400,2019,485,7,85,NO,0.527777778,0.208333333,0.263888889,commute
EK59654,1,M,209,470,2019,455,8,-15,YES,0.604166667,0.034722222,0.361111111,forage
EX41780,0,M,DB27,420,2019,510,10,90,NO,0.375,0.333333333,0.291666667,commute
EX93815,0,M,150,440,2019,455,6,15,NO,0.361111111,0.236111111,0.402777778,commute
FB20883,0,F,DB33,340,2019,440,6,100,NO,0.25,0.194444444,0.555555556,forage
EX41734,0,M,DB8,460,2019,500,3,40,NO,0.465277778,0.069444444,0.465277778,forage
FB30034,0,M,46,435,2019,510,6,75,NO,0.555555556,0.048611111,0.395833333,forage
EZ01635,0,F,95,370,2019,470,12,100,NO,0.5625,0.236111111,0.201388889,forage
EZ01921,0,M,201,420,2019,475,5,55,NO,0.493055556,0.138888889,0.368055556,forage
FB30654,1,F,42,395,2019,415,4,20,NO,0.333333333,0.291666667,0.375,forage
FB20883,0,F,DB33,340,2019,440,6,100,NO,0.472222222,0.083333333,0.444444444,forage
FB30681,1,F,135,465,2019,470,6,5,NO,0.472222222,0.340277778,0.1875,commute
EZ01604,0,F,DB1,415,2019,445,5,30,NO,0.472222222,0.118055556,0.409722222,forage
EX93815,0,M,150,440,2019,455,6,15,NO,0.597222222,0.152777778,0.25,forage
EX41734,0,M,DB8,460,2019,500,3,40,NO,0.597222222,0.173611111,0.229166667,commute
FB30034,0,M,46,435,2019,510,6,75,NO,0.381944444,0.201388889,0.416666667,commute
EZ01635,0,F,95,370,2019,470,12,100,NO,0.465277778,0.1875,0.347222222,forage
FB30654,1,F,42,395,2019,415,4,20,NO,0.590277778,0.131944444,0.277777778,forage
EK59654,1,M,209,470,2019,455,8,-15,YES,0.659722222,0.069444444,0.270833333,forage
EZ01921,0,M,201,420,2019,475,5,55,NO,0.527777778,0.097222222,0.375,forage
EZ72727,1,M,185,420,2019,400,11,-20,YES,0.513888889,0.180555556,0.305555556,forage
EZ72786,0,M,207,400,2019,460,5,60,NO,0.423611111,0.090277778,0.486111111,commute
FB20883,0,F,DB33,340,2019,440,6,100,NO,0.3125,0.159722222,0.527777778,forage
EX93815,0,M,150,440,2019,455,6,15,NO,0.451388889,0.090277778,0.458333333,forage
FB30681,1,F,135,465,2019,470,6,5,NO,0.666666667,0.027777778,0.305555556,forage
EZ01635,0,F,95,370,2019,470,12,100,NO,0.513888889,0.159722222,0.326388889,forage
EZ72727,1,M,185,420,2019,400,11,-20,YES,0.395833333,0.229166667,0.375,forage
FB30047,1,F,46,435,2019,495,8,60,NO,0.340277778,0.236111111,0.423611111,forage
EZ01604,0,F,DB1,415,2019,445,5,30,NO,0.347222222,0.215277778,0.4375,forage
EZ01921,0,M,201,420,2019,475,5,55,NO,0.506944444,0.145833333,0.347222222,forage
FB30654,1,F,42,395,2019,415,4,20,NO,0.513888889,0.034722222,0.451388889,forage
EK59654,1,M,209,470,2019,455,8,-15,YES,0.506944444,0.1875,0.305555556,forage
EZ72727,1,M,185,420,2019,400,11,-20,YES,0.479166667,0.069444444,0.451388889,forage
EX93815,0,M,150,440,2019,455,6,15,NO,0.506944444,0.111111111,0.381944444,forage
FB30681,1,F,135,465,2019,470,6,5,NO,0.569444444,0.097222222,0.333333333,forage
FB30654,1,F,42,395,2019,415,4,20,NO,0.618055556,0.097222222,0.284722222,commute
EZ88883,1,M,181,400,2019,455,7,55,NO,0.423611111,0.104166667,0.472222222,commute
FB20883,0,F,DB33,340,2019,440,6,100,NO,0.458333333,0.145833333,0.395833333,forage
EZ01635,0,F,95,370,2019,470,12,100,NO,0.472222222,0.159722222,0.368055556,forage
EZ01921,0,M,201,420,2019,475,5,55,NO,0.638888889,0.048611111,0.3125,forage
FB30047,1,F,46,435,2019,495,8,60,NO,0.381944444,0.097222222,0.520833333,forage
EZ01604,0,F,DB1,415,2019,445,5,30,NO,0.402777778,0.201388889,0.395833333,commute
EZ72786,0,M,207,400,2019,460,5,60,NO,0.506944444,0.166666667,0.326388889,forage
EK59654,1,M,209,470,2019,455,8,-15,YES,0.645833333,0.159722222,0.194444444,forage
EX41728,2,M,42,415,2019,465,8,50,NO,0.409722222,0.118055556,0.472222222,commute
FB30047,1,F,46,435,2019,495,8,60,NO,0.444444444,0.104166667,0.451388889,forage
EZ72786,0,M,207,400,2019,460,5,60,NO,0.5,0.083333333,0.416666667,forage
EK59654,1,M,209,470,2019,455,8,-15,YES,0.451388889,0.173611111,0.375,forage
EZ01650,1,M,3,420,2019,510,5,90,NO,0.451388889,0.097222222,0.451388889,forage
EK59614,1,F,158,410,2019,425,3,15,NO,0.368055556,0.25,0.381944444,commute
EZ01921,0,M,201,420,2019,475,5,55,NO,0.611111111,0.125,0.263888889,commute
EZ01635,0,F,95,370,2019,470,12,100,NO,0.604166667,0.090277778,0.305555556,forage
FB30681,1,F,135,465,2019,470,6,5,NO,0.430555556,0.111111111,0.458333333,forage
EZ72727,1,M,185,420,2019,400,11,-20,YES,0.534722222,0.034722222,0.430555556,forage
EZ01790,1,M,DB1,420,2019,475,5,55,NO,0.427083333,0.211805556,0.361111111,commute
EZ88883,1,M,181,400,2019,455,7,55,NO,0.548611111,0.083333333,0.368055556,forage
EX93815,0,M,150,440,2019,455,6,15,NO,0.388888889,0.166666667,0.444444444,forage
FB20883,0,F,DB33,340,2019,440,6,100,NO,0.368055556,0.25,0.381944444,forage
EX41728,2,M,42,415,2019,465,8,50,NO,0.569444444,0.069444444,0.361111111,forage
FB30681,1,F,135,465,2019,470,6,5,NO,0.333333333,0.243055556,0.423611111,forage
FB30047,1,F,46,435,2019,495,8,60,NO,0.458333333,0.090277778,0.451388889,forage
EZ88883,1,M,181,400,2019,455,7,55,NO,0.611111111,0.083333333,0.305555556,forage
EJ99550,0,F,201,NA,2019,480,5,NA,NO,0.472222222,0.076388889,0.451388889,forage
EZ72727,1,M,185,420,2019,400,11,-20,YES,0.763888889,0.034722222,0.201388889,forage
EZ01635,0,F,95,370,2019,470,12,100,NO,0.701388889,0.076388889,0.222222222,forage
EZ72786,0,M,207,400,2019,460,5,60,NO,0.597222222,0.027777778,0.375,forage
EZ01650,1,M,3,420,2019,510,5,90,NO,0.423611111,0.034722222,0.541666667,forage
EK59654,1,M,209,470,2019,455,8,-15,YES,0.5,0.131944444,0.368055556,commute
EK59614,1,F,158,410,2019,425,3,15,NO,0.652777778,0.055555556,0.291666667,forage
FB20883,0,F,DB33,340,2019,440,6,100,NO,0.479166667,0.194444444,0.326388889,commute
EZ01790,1,M,DB1,420,2019,475,5,55,NO,0.694444444,0.059027778,0.246527778,forage
EX93815,0,M,150,440,2019,455,6,15,NO,0.326388889,0.097222222,0.576388889,commute
EZ72727,1,M,185,420,2019,400,11,-20,YES,0.506944444,0.1875,0.305555556,forage
EZ01790,1,M,DB1,420,2019,475,5,55,NO,0.736111111,0.027777778,0.236111111,forage
EZ72786,0,M,207,400,2019,460,5,60,NO,0.458333333,0.159722222,0.381944444,commute
EJ99550,0,F,201,NA,2019,480,5,NA,NO,0.451388889,0.083333333,0.465277778,forage
EZ88883,1,M,181,400,2019,455,7,55,NO,0.3125,0.194444444,0.493055556,forage
EK59614,1,F,158,410,2019,425,3,15,NO,0.402777778,0.194444444,0.402777778,commute
FB30681,1,F,135,465,2019,470,6,5,NO,0.534722222,0.138888889,0.326388889,commute
EX41793,1,M,DB33,415,2019,455,12,40,NO,0.576388889,0.180555556,0.243055556,forage
EZ72759,1,F,209,365,2019,420,13,55,NO,0.430555556,0.118055556,0.451388889,commute
EX41728,2,M,42,415,2019,465,8,50,NO,0.708333333,0,0.291666667,forage
EZ01650,1,M,3,420,2019,510,5,90,NO,0.486111111,0.020833333,0.493055556,forage
EZ01635,0,F,95,370,2019,470,12,100,NO,0.458333333,0.229166667,0.3125,forage
EX93849,0,F,150,380,2019,430,6,50,NO,0.159722222,0.263888889,0.576388889,commute
EA05388,1,F,18,450,2019,485,8,35,NO,0.368055556,0.1875,0.444444444,commute
FB30047,1,F,46,435,2019,495,8,60,NO,0.555555556,0.034722222,0.409722222,forage
EZ72759,1,F,209,365,2019,420,13,55,NO,0.375,0.104166667,0.520833333,forage
EZ01635,0,F,95,370,2019,470,12,100,NO,0.527777778,0.1875,0.284722222,forage
EX93849,0,F,150,380,2019,430,6,50,NO,0.347222222,0.0625,0.590277778,forage
EX41728,2,M,42,415,2019,465,8,50,NO,0.590277778,0.090277778,0.319444444,forage
EZ72727,1,M,185,420,2019,400,11,-20,YES,0.395833333,0.319444444,0.284722222,commute
EX41793,1,M,DB33,415,2019,455,12,40,NO,0.631944444,0.013888889,0.354166667,forage
EJ99550,0,F,201,NA,2019,480,5,NA,NO,0.465277778,0.041666667,0.493055556,forage
EX41734,1,M,DB8,455,2019,520,5,65,NO,0.493055556,0.208333333,0.298611111,forage
EZ01650,1,M,3,420,2019,510,5,90,NO,0.4375,0.076388889,0.486111111,forage
EZ01790,1,M,DB1,420,2019,475,5,55,NO,0.753472222,0.024305556,0.222222222,forage
EZ72871,1,F,207,400,2019,385,10,-15,NO,0.270833333,0.166666667,0.5625,commute
EZ88883,1,M,181,400,2019,455,7,55,NO,0.520833333,0.006944444,0.472222222,forage
EA05388,1,F,18,450,2019,485,8,35,NO,0.458333333,0.097222222,0.444444444,forage
FB30047,1,F,46,435,2019,495,8,60,NO,0.534722222,0.076388889,0.388888889,forage
FB30047,1,F,46,435,2019,495,8,60,NO,0.520833333,0.034722222,0.444444444,forage
EX93849,0,F,150,380,2019,430,6,50,NO,0.277777778,0.125,0.597222222,forage
EX41728,2,M,42,415,2019,465,8,50,NO,0.604166667,0.041666667,0.354166667,forage
EZ72871,1,F,207,400,2019,385,10,-15,NO,0.395833333,0.25,0.354166667,forage
EZ72759,1,F,209,365,2019,420,13,55,NO,0.597222222,0.027777778,0.375,forage
EJ99550,0,F,201,NA,2019,480,5,NA,NO,0.402777778,0.0625,0.534722222,forage
EZ01650,1,M,3,420,2019,510,5,90,NO,0.5,0.111111111,0.388888889,commute
EX41734,1,M,DB8,455,2019,520,5,65,NO,0.611111111,0.027777778,0.361111111,forage
EZ01635,0,F,95,370,2019,470,12,100,NO,0.520833333,0.201388889,0.277777778,forage
EA05388,1,F,18,450,2019,485,8,35,NO,0.5,0.118055556,0.381944444,forage
EZ88883,1,M,181,400,2019,455,7,55,NO,0.5,0.076388889,0.423611111,forage
EX41793,1,M,DB33,415,2019,455,12,40,NO,0.923611111,0,0.076388889,forage
EZ01790,1,M,DB1,420,2019,475,5,55,NO,0.663194444,0.125,0.211805556,commute
EZ01604,1,F,DB1,415,2019,455,6,40,NO,0.298611111,0.208333333,0.493055556,commute
FB30047,1,F,46,435,2019,495,8,60,NO,0.4375,0.180555556,0.381944444,commute
EX93849,0,F,150,380,2019,430,6,50,NO,0.493055556,0.034722222,0.472222222,forage
EX41793,1,M,DB33,415,2019,455,12,40,NO,0.986111111,0,0.013888889,forage
EA05388,1,F,18,450,2019,485,8,35,NO,0.506944444,0.069444444,0.423611111,forage
EZ88883,1,M,181,400,2019,455,7,55,NO,0.368055556,0.131944444,0.5,commute
EZ01635,0,F,95,370,2019,470,12,100,NO,0.430555556,0.208333333,0.361111111,commute
EX41728,2,M,42,415,2019,465,8,50,NO,0.513888889,0.083333333,0.402777778,forage
EJ99550,0,F,201,NA,2019,480,5,NA,NO,0.569444444,0.138888889,0.291666667,commute
EX41780,1,M,DB27,430,2019,480,6,50,NO,0.3125,0.3125,0.375,forage
EZ72759,1,F,209,365,2019,420,13,55,NO,0.458333333,0.097222222,0.444444444,forage
EX41734,1,M,DB8,455,2019,520,5,65,NO,0.6875,0,0.3125,forage
EZ72871,1,F,207,400,2019,385,10,-15,NO,0.451388889,0.180555556,0.368055556,forage
EX41732,1,M,DB20,395,2019,405,2,10,NO,0.361111111,0.270833333,0.368055556,commute
EX41780,1,M,DB27,430,2019,480,6,50,NO,0.444444444,0.131944444,0.423611111,forage
EZ01604,1,F,DB1,415,2019,455,6,40,NO,0.534722222,0.0625,0.402777778,forage
EK59614,2,F,158,400,2019,490,6,90,NO,0.409722222,0.159722222,0.430555556,commute
EZ01921,1,M,201,425,2019,480,4,55,NO,0.333333333,0.298611111,0.368055556,forage
EX41734,1,M,DB8,455,2019,520,5,65,NO,0.722222222,0.048611111,0.229166667,forage
EZ72759,1,F,209,365,2019,420,13,55,NO,0.583333333,0.152777778,0.263888889,forage
EX41728,2,M,42,415,2019,465,8,50,NO,0.423611111,0.145833333,0.430555556,forage
FB30034,1,M,46,425,2019,475,8,50,NO,0.159722222,0.284722222,0.555555556,forage
EA05388,1,F,18,450,2019,485,8,35,NO,0.479166667,0.145833333,0.375,forage
EZ72871,1,F,207,400,2019,385,10,-15,NO,0.715277778,0.138888889,0.145833333,forage
EX41793,1,M,DB33,415,2019,455,12,40,NO,0.784722222,0.006944444,0.208333333,forage
EX93849,0,F,150,380,2019,430,6,50,NO,0.493055556,0.041666667,0.465277778,forage
EZ72727,2,M,185,400,2019,430,2,30,NO,0.409722222,0.166666667,0.423611111,commute
EX41734,1,M,DB8,455,2019,520,5,65,NO,0.5625,0.159722222,0.277777778,commute
EZ72871,1,F,207,400,2019,385,10,-15,NO,0.347222222,0.215277778,0.4375,forage
EX93849,0,F,150,380,2019,430,6,50,NO,0.361111111,0.326388889,0.3125,commute
EZ72759,1,F,209,365,2019,420,13,55,NO,0.347222222,0.152777778,0.5,forage
EX41732,1,M,DB20,395,2019,405,2,10,NO,0.284722222,0.125,0.590277778,commute
EX41780,1,M,DB27,430,2019,480,6,50,NO,0.513888889,0.0625,0.423611111,forage
EA05388,1,F,18,450,2019,485,8,35,NO,0.541666667,0.048611111,0.409722222,forage
EZ01921,1,M,201,425,2019,480,4,55,NO,0.520833333,0.083333333,0.395833333,forage
EZ72727,2,M,185,400,2019,430,2,30,NO,0.534722222,0.118055556,0.347222222,commute
FB30034,1,M,46,425,2019,475,8,50,NO,0.5,0.069444444,0.430555556,forage
EK59614,2,F,158,400,2019,490,6,90,NO,0.479166667,0.152777778,0.368055556,forage
EX41728,2,M,42,415,2019,465,8,50,NO,0.347222222,0.229166667,0.423611111,commute
EX41793,1,M,DB33,415,2019,455,12,40,NO,0.715277778,0,0.284722222,forage
EZ01604,1,F,DB1,415,2019,455,6,40,NO,0.5,0.013888889,0.486111111,forage
FB30034,1,M,46,425,2019,475,8,50,NO,0.5,0.055555556,0.444444444,forage
EZ72759,1,F,209,365,2019,420,13,55,NO,0.25,0.180555556,0.569444444,forage
EA05388,1,F,18,450,2019,485,8,35,NO,0.423611111,0.166666667,0.409722222,forage
EZ72871,1,F,207,400,2019,385,10,-15,NO,0.055555556,0.493055556,0.451388889,forage
FB30654,2,F,42,365,2019,415,8,50,NO,0.104166667,0.340277778,0.555555556,commute
EK59614,2,F,158,400,2019,490,6,90,NO,0.326388889,0.145833333,0.527777778,forage
EZ01921,1,M,201,425,2019,480,4,55,NO,0.576388889,0.069444444,0.354166667,forage
EZ01604,1,F,DB1,415,2019,455,6,40,NO,0.430555556,0.069444444,0.5,forage
EX93815,1,M,150,NA,2019,445,11,NA,NO,0.104166667,0.3125,0.583333333,commute
EX41780,1,M,DB27,430,2019,480,6,50,NO,0.548611111,0.020833333,0.430555556,forage
EX41793,1,M,DB33,415,2019,455,12,40,NO,0.652777778,0,0.347222222,forage
EZ72759,1,F,209,365,2019,420,13,55,NO,0.430555556,0.194444444,0.375,forage
EZ01604,1,F,DB1,415,2019,455,6,40,NO,0.395833333,0.125,0.479166667,forage
FB30654,2,F,42,365,2019,415,8,50,NO,0.298611111,0.229166667,0.472222222,forage
EA05388,1,F,18,450,2019,485,8,35,NO,0.520833333,0.152777778,0.326388889,commute
EK59614,2,F,158,400,2019,490,6,90,NO,0.361111111,0.138888889,0.5,forage
EX41780,1,M,DB27,430,2019,480,6,50,NO,0.409722222,0.159722222,0.430555556,forage
EZ72871,1,F,207,400,2019,385,10,-15,NO,0.118055556,0.569444444,0.3125,forage
EX93815,1,M,150,NA,2019,445,11,NA,NO,0.333333333,0.173611111,0.493055556,forage
EZ01921,1,M,201,425,2019,480,4,55,NO,0.527777778,0.159722222,0.3125,commute
FB30034,1,M,46,425,2019,475,8,50,NO,0.423611111,0.027777778,0.548611111,forage
EX41793,1,M,DB33,415,2019,455,12,40,NO,0.590277778,0.006944444,0.402777778,forage
EX41780,1,M,DB27,430,2019,480,6,50,NO,0.444444444,0.243055556,0.3125,commute
FB30654,2,F,42,365,2019,415,8,50,NO,0.305555556,0.076388889,0.618055556,forage
FB30681,2,F,135,410,2019,460,6,50,NO,0.243055556,0.347222222,0.409722222,commute
FB30034,1,M,46,425,2019,475,8,50,NO,0.5,0.020833333,0.479166667,forage
EZ72871,1,F,207,400,2019,385,10,-15,NO,0.305555556,0.194444444,0.5,forage
EX41793,1,M,DB33,415,2019,455,12,40,NO,0.673611111,0,0.326388889,forage
EK59614,2,F,158,400,2019,490,6,90,NO,0.527777778,0.0625,0.409722222,forage
EX93815,1,M,150,NA,2019,445,11,NA,NO,0.340277778,0.090277778,0.569444444,forage
EZ72759,1,F,209,365,2019,420,13,55,NO,0.270833333,0.208333333,0.520833333,forage
EJ99550,1,F,201,450,2019,425,8,-25,NO,0.368055556,0.083333333,0.548611111,forage
EZ01604,1,F,DB1,415,2019,455,6,40,NO,0.5625,0.104166667,0.333333333,commute
EZ72871,1,F,207,400,2019,385,10,-15,NO,0.222222222,0.402777778,0.375,commute
EX93815,1,M,150,NA,2019,445,11,NA,NO,0.451388889,0.027777778,0.520833333,forage
EZ01650,2,M,3,455,2019,520,5,65,NO,0.0625,0.402777778,0.534722222,forage
EX41793,1,M,DB33,415,2019,455,12,40,NO,0.805555556,0.006944444,0.1875,forage
FB30681,2,F,135,410,2019,460,6,50,NO,0.361111111,0.090277778,0.548611111,forage
EZ72727,3,M,185,400,2019,385,5,-15,YES,0.409722222,0.298611111,0.291666667,commute
EZ72759,1,F,209,365,2019,420,13,55,NO,0.430555556,0.194444444,0.375,forage
FB30034,1,M,46,425,2019,475,8,50,NO,0.506944444,0.041666667,0.451388889,forage
FB30654,2,F,42,365,2019,415,8,50,NO,0.3125,0.305555556,0.381944444,forage
EJ99550,1,F,201,450,2019,425,8,-25,NO,0.638888889,0.013888889,0.347222222,forage
EK59614,2,F,158,400,2019,490,6,90,NO,0.319444444,0.194444444,0.486111111,commute
EX93815,1,M,150,NA,2019,445,11,NA,NO,0.284722222,0.131944444,0.583333333,forage
FB30034,1,M,46,425,2019,475,8,50,NO,0.527777778,0.0625,0.409722222,forage
EZ72727,3,M,185,400,2019,385,5,-15,YES,0.25,0.340277778,0.409722222,forage
EX41732,2,M,DB20,355,2019,400,2,45,YES,0.166666667,0.270833333,0.5625,commute
EK59654,2,M,209,375,2019,460,5,85,YES,0.222222222,0.152777778,0.625,commute
EZ01650,2,M,3,455,2019,520,5,65,NO,0.180555556,0.243055556,0.576388889,forage
EJ99550,1,F,201,450,2019,425,8,-25,NO,0.388888889,0.145833333,0.465277778,forage
EZ72759,1,F,209,365,2019,420,13,55,NO,0.493055556,0.0625,0.444444444,forage
FB30681,2,F,135,410,2019,460,6,50,NO,0.256944444,0.138888889,0.604166667,forage
FB30654,2,F,42,365,2019,415,8,50,NO,0.402777778,0.125,0.472222222,forage
EX41793,1,M,DB33,415,2019,455,12,40,NO,0.388888889,0.243055556,0.368055556,forage
EZ72727,3,M,185,400,2019,385,5,-15,YES,0.3125,0.326388889,0.361111111,forage
EZ01635,1,F,95,405,2019,425,8,20,NO,0.305555556,0.3125,0.381944444,forage
EX41734,2,M,DB8,470,2019,485,4,15,NO,0.513888889,0.180555556,0.305555556,commute
FB30681,2,F,135,410,2019,460,6,50,NO,0.368055556,0.104166667,0.527777778,forage
FB30034,1,M,46,425,2019,475,8,50,NO,0.479166667,0.152777778,0.368055556,commute
EZ72759,1,F,209,365,2019,420,13,55,NO,0.576388889,0.0625,0.361111111,forage
EX41732,2,M,DB20,355,2019,400,2,45,YES,0.388888889,0.118055556,0.493055556,commute
EX93815,1,M,150,NA,2019,445,11,NA,NO,0.451388889,0.0625,0.486111111,forage
EK59654,2,M,209,375,2019,460,5,85,YES,0.479166667,0.034722222,0.486111111,forage
EJ99550,1,F,201,450,2019,425,8,-25,NO,0.673611111,0,0.326388889,forage
FB30654,2,F,42,365,2019,415,8,50,NO,0.527777778,0.090277778,0.381944444,forage
EX41793,1,M,DB33,415,2019,455,12,40,NO,0.805555556,0.034722222,0.159722222,commute
EZ01650,2,M,3,455,2019,520,5,65,NO,0.111111111,0.229166667,0.659722222,forage
FB30654,2,F,42,365,2019,415,8,50,NO,0.333333333,0.263888889,0.402777778,forage
EK59654,2,M,209,375,2019,460,5,85,YES,0.319444444,0.173611111,0.506944444,forage
EZ72727,3,M,185,400,2019,385,5,-15,YES,0.409722222,0.138888889,0.451388889,forage
FB30681,2,F,135,410,2019,460,6,50,NO,0.069444444,0.368055556,0.5625,forage
EZ01635,1,F,95,405,2019,425,8,20,NO,0.326388889,0.333333333,0.340277778,forage
EZ72759,1,F,209,365,2019,420,13,55,NO,0.458333333,0.083333333,0.458333333,commute
EX41734,2,M,DB8,470,2019,485,4,15,NO,0.534722222,0.076388889,0.388888889,forage
EX93815,1,M,150,NA,2019,445,11,NA,NO,0.319444444,0.180555556,0.5,forage
FB20883,1,F,DB33,330,2019,455,7,125,NO,0.131944444,0.270833333,0.597222222,forage
FB30047,2,F,46,420,2019,475,9,55,NO,0.152777778,0.270833333,0.576388889,commute
EJ99550,1,F,201,450,2019,425,8,-25,NO,0.611111111,0.020833333,0.368055556,forage
EZ01650,2,M,3,455,2019,520,5,65,NO,0.083333333,0.270833333,0.645833333,forage
EZ01650,2,M,3,455,2019,520,5,65,NO,0.215277778,0.25,0.534722222,commute
EZ01635,1,F,95,405,2019,425,8,20,NO,0.472222222,0.194444444,0.333333333,forage
EK59654,2,M,209,375,2019,460,5,85,YES,0.298611111,0.104166667,0.597222222,forage
EX41734,2,M,DB8,470,2019,485,4,15,NO,0.395833333,0.1875,0.416666667,forage
FB30681,2,F,135,410,2019,460,6,50,NO,0.1875,0.277777778,0.534722222,commute
FB30654,2,F,42,365,2019,415,8,50,NO,0.013888889,0.965277778,0.020833333,commute
FB20883,1,F,DB33,330,2019,455,7,125,NO,0.180555556,0.284722222,0.534722222,forage
EX41732,3,M,DB20,400,2019,420,3,20,YES,0.048611111,0.361111111,0.590277778,commute
EA05388,2,F,18,460,2019,490,8,30,YES,0.076388889,0.458333333,0.465277778,commute
EZ72727,3,M,185,400,2019,385,5,-15,YES,0.305555556,0.256944444,0.4375,commute
EX93815,1,M,150,NA,2019,445,11,NA,NO,0.159722222,0.291666667,0.548611111,forage
EJ99550,1,F,201,450,2019,425,8,-25,NO,0.569444444,0.027777778,0.402777778,forage
FB30047,2,F,46,420,2019,475,9,55,NO,0.305555556,0.1875,0.506944444,forage
EZ01635,1,F,95,405,2019,425,8,20,NO,0.215277778,0.319444444,0.465277778,forage
EX41734,2,M,DB8,470,2019,485,4,15,NO,0.534722222,0.090277778,0.375,commute
FB30047,2,F,46,420,2019,475,9,55,NO,0.451388889,0.041666667,0.506944444,forage
EX41732,3,M,DB20,400,2019,420,3,20,YES,0.326388889,0.034722222,0.638888889,forage
EA05388,2,F,18,460,2019,490,8,30,YES,0.381944444,0.048611111,0.569444444,forage
EZ72759,2,F,209,420,2019,395,1,-25,YES,0.201388889,0.416666667,0.381944444,commute
EJ99550,1,F,201,450,2019,425,8,-25,NO,0.618055556,0.083333333,0.298611111,forage
FB20883,1,F,DB33,330,2019,455,7,125,NO,0.430555556,0.125,0.444444444,forage
EX93815,1,M,150,NA,2019,445,11,NA,NO,0.444444444,0.166666667,0.388888889,forage
EX41728,3,M,42,430,2019,430,2,0,NO,0.388888889,0.0625,0.548611111,commute
EK59654,2,M,209,375,2019,460,5,85,YES,0.423611111,0.1875,0.388888889,commute
EZ88883,2,M,181,350,2019,455,8,105,NO,0.138888889,0.25,0.611111111,commute
EX93815,1,M,150,NA,2019,445,11,NA,NO,0.513888889,0.125,0.361111111,forage
EX41780,2,M,DB27,440,2019,480,6,40,NO,0.152777778,0.368055556,0.479166667,forage
FB30047,2,F,46,420,2019,475,9,55,NO,0.472222222,0.027777778,0.5,forage
EZ01635,1,F,95,405,2019,425,8,20,NO,0.270833333,0.263888889,0.465277778,forage
EJ99550,1,F,201,450,2019,425,8,-25,NO,0.4375,0.229166667,0.333333333,commute
EA05388,2,F,18,460,2019,490,8,30,YES,0.444444444,0.173611111,0.381944444,forage
EX41728,3,M,42,430,2019,430,2,0,NO,0.298611111,0.222222222,0.479166667,commute
EX41732,3,M,DB20,400,2019,420,3,20,YES,0.291666667,0.201388889,0.506944444,commute
FB20883,1,F,DB33,330,2019,455,7,125,NO,0.534722222,0.055555556,0.409722222,forage
EA05388,2,F,18,460,2019,490,8,30,YES,0.3125,0.097222222,0.590277778,forage
EX93815,1,M,150,NA,2019,445,11,NA,NO,0.395833333,0.284722222,0.319444444,commute
FB20883,1,F,DB33,330,2019,455,7,125,NO,0.444444444,0.027777778,0.527777778,forage
EZ01921,2,M,201,415,2019,470,7,55,NO,0.416666667,0.215277778,0.368055556,commute
EZ88883,2,M,181,350,2019,455,8,105,NO,0.493055556,0.069444444,0.4375,forage
FB30047,2,F,46,420,2019,475,9,55,NO,0.715277778,0,0.284722222,forage
EZ01635,1,F,95,405,2019,425,8,20,NO,0.409722222,0.131944444,0.458333333,forage
EX41780,2,M,DB27,440,2019,480,6,40,NO,0.472222222,0.097222222,0.430555556,forage
FB30654,3,F,42,410,2019,425,4,15,NO,0.166666667,0.368055556,0.465277778,commute
EA05388,2,F,18,460,2019,490,8,30,YES,0.534722222,0.027777778,0.4375,forage
FB20883,1,F,DB33,330,2019,455,7,125,NO,0.416666667,0.013888889,0.569444444,forage
EZ01921,2,M,201,415,2019,470,7,55,NO,0.493055556,0.076388889,0.430555556,forage
FB30047,2,F,46,420,2019,475,9,55,NO,0.5,0,0.5,forage
EZ01635,1,F,95,405,2019,425,8,20,NO,0.430555556,0.0625,0.506944444,forage
FB30654,3,F,42,410,2019,425,4,15,NO,0.486111111,0.006944444,0.506944444,forage
EX93849,1,F,150,355,2019,435,7,80,NO,0.076388889,0.520833333,0.402777778,commute
EZ88883,2,M,181,350,2019,455,8,105,NO,0.270833333,0.180555556,0.548611111,forage
EX41780,2,M,DB27,440,2019,480,6,40,NO,0.583333333,0.041666667,0.375,forage
FB30654,3,F,42,410,2019,425,4,15,NO,0.375,0.097222222,0.527777778,forage
EK59614,3,F,158,390,2019,435,14,45,NO,0.159722222,0.263888889,0.576388889,commute
EZ01635,1,F,95,405,2019,425,8,20,NO,0.298611111,0.173611111,0.527777778,commute
EZ88883,2,M,181,350,2019,455,8,105,NO,0.347222222,0.201388889,0.451388889,forage
EA05388,2,F,18,460,2019,490,8,30,YES,0.416666667,0.048611111,0.534722222,forage
EZ01921,2,M,201,415,2019,470,7,55,NO,0.423611111,0.104166667,0.472222222,forage
FB30047,2,F,46,420,2019,475,9,55,NO,0.590277778,0.097222222,0.3125,forage
EX93849,1,F,150,355,2019,435,7,80,NO,0.208333333,0.173611111,0.618055556,forage
EX41780,2,M,DB27,440,2019,480,6,40,NO,0.548611111,0.055555556,0.395833333,forage
FB20883,1,F,DB33,330,2019,455,7,125,NO,0.493055556,0.222222222,0.284722222,commute
EZ01650,3,M,3,490,2019,495,5,5,NO,0.159722222,0.215277778,0.625,forage
FB30047,2,F,46,420,2019,475,9,55,NO,0.409722222,0.201388889,0.388888889,forage
FB30654,3,F,42,410,2019,425,4,15,NO,0.506944444,0.166666667,0.326388889,commute
EA05388,2,F,18,460,2019,490,8,30,YES,0.451388889,0.0625,0.486111111,forage
EZ01921,2,M,201,415,2019,470,7,55,NO,0.597222222,0.083333333,0.319444444,forage
EZ88883,2,M,181,350,2019,455,8,105,NO,0.4375,0.111111111,0.451388889,forage
EX41793,2,M,DB33,410,2019,470,7,60,NO,0.222222222,0.270833333,0.506944444,forage
EK59614,3,F,158,390,2019,435,14,45,NO,0.340277778,0.125,0.534722222,forage
EX41780,2,M,DB27,440,2019,480,6,40,NO,0.430555556,0.048611111,0.520833333,forage
EX93849,1,F,150,355,2019,435,7,80,NO,0.506944444,0.076388889,0.416666667,forage
EX41728,4,M,42,410,2019,465,7,55,NO,0.236111111,0.201388889,0.5625,commute
EA05388,2,F,18,460,2019,490,8,30,YES,0.416666667,0.208333333,0.375,commute
EX41793,2,M,DB33,410,2019,470,7,60,NO,0.347222222,0.0625,0.590277778,forage
EZ01650,3,M,3,490,2019,495,5,5,NO,0.180555556,0.069444444,0.75,forage
EZ88883,2,M,181,350,2019,455,8,105,NO,0.534722222,0.097222222,0.368055556,forage
EZ01921,2,M,201,415,2019,470,7,55,NO,0.680555556,0.020833333,0.298611111,forage
EX41734,3,M,DB8,435,2019,475,6,40,NO,0.333333333,0.256944444,0.409722222,commute
EX41780,2,M,DB27,440,2019,480,6,40,NO,0.368055556,0.208333333,0.423611111,commute
FB30047,2,F,46,420,2019,475,9,55,NO,0.430555556,0.180555556,0.388888889,commute
EK59614,3,F,158,390,2019,435,14,45,NO,0.319444444,0.111111111,0.569444444,forage
EX93849,1,F,150,355,2019,435,7,80,NO,0.493055556,0.034722222,0.472222222,forage
EX41728,4,M,42,410,2019,465,7,55,NO,0.305555556,0.173611111,0.520833333,forage
EX41732,4,M,DB20,375,2019,460,2,85,YES,0.284722222,0.083333333,0.631944444,commute
FB30034,2,M,46,400,2019,505,7,105,NO,0.027777778,0.541666667,0.430555556,forage
EX41793,2,M,DB33,410,2019,470,7,60,NO,0.409722222,0.034722222,0.555555556,forage
EX41734,3,M,DB8,435,2019,475,6,40,NO,0.416666667,0.159722222,0.423611111,forage
EZ01650,3,M,3,490,2019,495,5,5,NO,0.222222222,0.215277778,0.5625,forage
EK59614,3,F,158,390,2019,435,14,45,NO,0.333333333,0.048611111,0.618055556,forage
EZ01921,2,M,201,415,2019,470,7,55,NO,0.409722222,0.131944444,0.458333333,forage
FB30681,3,F,135,425,2019,490,9,65,NO,0.194444444,0.298611111,0.506944444,commute
EX93849,1,F,150,355,2019,435,7,80,NO,0.486111111,0.069444444,0.444444444,forage
EZ88883,2,M,181,350,2019,455,8,105,NO,0.25,0.263888889,0.486111111,forage
EX41732,4,M,DB20,375,2019,460,2,85,YES,0.291666667,0.25,0.458333333,commute
EX41793,2,M,DB33,410,2019,470,7,60,NO,0.395833333,0.034722222,0.569444444,forage
FB30681,3,F,135,425,2019,490,9,65,NO,0.340277778,0.111111111,0.548611111,forage
EK59614,3,F,158,390,2019,435,14,45,NO,0.291666667,0.131944444,0.576388889,forage
FB30034,2,M,46,400,2019,505,7,105,NO,0.3125,0.125,0.5625,forage
EX93849,1,F,150,355,2019,435,7,80,NO,0.409722222,0.125,0.465277778,forage
EZ01650,3,M,3,490,2019,495,5,5,NO,0.333333333,0.104166667,0.5625,forage
EX41728,4,M,42,410,2019,465,7,55,NO,0.395833333,0.125,0.479166667,forage
EZ88883,2,M,181,350,2019,455,8,105,NO,0.284722222,0.243055556,0.472222222,commute
EX41734,3,M,DB8,435,2019,475,6,40,NO,0.388888889,0.020833333,0.590277778,forage
EZ01921,2,M,201,415,2019,470,7,55,NO,0.458333333,0.215277778,0.326388889,commute
EX93849,1,F,150,355,2019,435,7,80,NO,0.347222222,0.263888889,0.388888889,commute
FB30034,2,M,46,400,2019,505,7,105,NO,0.340277778,0.118055556,0.541666667,forage
EX41728,4,M,42,410,2019,465,7,55,NO,0.354166667,0.201388889,0.444444444,forage
EZ01650,3,M,3,490,2019,495,5,5,NO,0.152777778,0.1875,0.659722222,commute
EK59614,3,F,158,390,2019,435,14,45,NO,0.409722222,0.159722222,0.430555556,forage
EX41793,2,M,DB33,410,2019,470,7,60,NO,0.458333333,0.0625,0.479166667,forage
FB30681,3,F,135,425,2019,490,9,65,NO,0.201388889,0.298611111,0.5,forage
EX41734,3,M,DB8,435,2019,475,6,40,NO,0.375,0.041666667,0.583333333,forage
EJ99550,2,F,201,375,2019,425,8,50,NO,0.201388889,0.201388889,0.597222222,commute
EA05388,3,F,18,465,2019,460,10,-5,YES,0.381944444,0.236111111,0.381944444,commute
EJ99550,2,F,201,375,2019,425,8,50,NO,0.5,0.055555556,0.444444444,forage
EX41734,3,M,DB8,435,2019,475,6,40,NO,0.472222222,0.006944444,0.520833333,forage
FB30681,3,F,135,425,2019,490,9,65,NO,0.340277778,0.263888889,0.395833333,forage
EK59614,3,F,158,390,2019,435,14,45,NO,0.319444444,0.118055556,0.5625,forage
FB30034,2,M,46,400,2019,505,7,105,NO,0.375,0.0625,0.5625,forage
EX41728,4,M,42,410,2019,465,7,55,NO,0.291666667,0.173611111,0.534722222,forage
EX41793,2,M,DB33,410,2019,470,7,60,NO,0.430555556,0.013888889,0.555555556,forage
EX93815,2,M,150,400,2019,470,8,70,NO,0.243055556,0.340277778,0.416666667,commute
EX41734,3,M,DB8,435,2019,475,6,40,NO,0.4375,0.194444444,0.368055556,commute
FB30034,2,M,46,400,2019,505,7,105,NO,0.416666667,0.048611111,0.534722222,forage
EJ99550,2,F,201,375,2019,425,8,50,NO,0.361111111,0.118055556,0.520833333,forage
EK59614,3,F,158,390,2019,435,14,45,NO,0.423611111,0.131944444,0.444444444,forage
EX41793,2,M,DB33,410,2019,470,7,60,NO,0.486111111,0.201388889,0.3125,commute
FB30681,3,F,135,425,2019,490,9,65,NO,0.277777778,0.25,0.472222222,forage
EA05388,3,F,18,465,2019,460,10,-5,YES,0.368055556,0.180555556,0.451388889,forage
EX41728,4,M,42,410,2019,465,7,55,NO,0.3125,0.076388889,0.611111111,forage
EX93815,2,M,150,400,2019,470,8,70,NO,0.291666667,0.291666667,0.416666667,forage
EJ99550,2,F,201,375,2019,425,8,50,NO,0.208333333,0.388888889,0.402777778,forage
FB20883,2,F,DB33,390,2019,425,7,35,NO,0.1875,0.361111111,0.451388889,forage
EX93815,2,M,150,400,2019,470,8,70,NO,0.395833333,0.090277778,0.513888889,forage
FB30681,3,F,135,425,2019,490,9,65,NO,0.25,0.1875,0.5625,forage
EK59614,3,F,158,390,2019,435,14,45,NO,0.145833333,0.194444444,0.659722222,forage
FB30034,2,M,46,400,2019,505,7,105,NO,0.451388889,0.083333333,0.465277778,forage
EA05388,3,F,18,465,2019,460,10,-5,YES,0.451388889,0.180555556,0.368055556,forage
EX41728,4,M,42,410,2019,465,7,55,NO,0.138888889,0.194444444,0.666666667,commute
EJ99550,2,F,201,375,2019,425,8,50,NO,0.215277778,0.201388889,0.583333333,forage
FB30034,2,M,46,400,2019,505,7,105,NO,0.291666667,0.368055556,0.340277778,commute
FB20883,2,F,DB33,390,2019,425,7,35,NO,0.409722222,0.006944444,0.583333333,forage
EK59614,3,F,158,390,2019,435,14,45,NO,0.465277778,0.118055556,0.416666667,forage
FB30681,3,F,135,425,2019,490,9,65,NO,0.298611111,0.222222222,0.479166667,forage
EA05388,3,F,18,465,2019,460,10,-5,YES,0.395833333,0.229166667,0.375,forage
EZ01635,2,F,95,355,2019,465,11,110,NO,0.215277778,0.326388889,0.458333333,forage
EX93815,2,M,150,400,2019,470,8,70,NO,0.256944444,0.333333333,0.409722222,forage
EJ99550,2,F,201,375,2019,425,8,50,NO,0.180555556,0.548611111,0.270833333,forage
EZ01635,2,F,95,355,2019,465,11,110,NO,0.506944444,0.041666667,0.451388889,forage
EX93815,2,M,150,400,2019,470,8,70,NO,0.3125,0.173611111,0.513888889,forage
EK59614,3,F,158,390,2019,435,14,45,NO,0.458333333,0.194444444,0.347222222,forage
FB30047,3,F,46,430,2019,485,7,55,NO,0.277777778,0.347222222,0.375,commute
EA05388,3,F,18,465,2019,460,10,-5,YES,0.583333333,0.055555556,0.361111111,forage
FB30681,3,F,135,425,2019,490,9,65,NO,0.194444444,0.305555556,0.5,forage
FB20883,2,F,DB33,390,2019,425,7,35,NO,0.430555556,0.027777778,0.541666667,forage
EZ01635,2,F,95,355,2019,465,11,110,NO,0.222222222,0.125,0.652777778,forage
EK59614,3,F,158,390,2019,435,14,45,NO,0.458333333,0.208333333,0.333333333,forage
FB30047,3,F,46,430,2019,485,7,55,NO,0.423611111,0.048611111,0.527777778,forage
FB30681,3,F,135,425,2019,490,9,65,NO,0.395833333,0.131944444,0.472222222,commute
EJ99550,2,F,201,375,2019,425,8,50,NO,0.270833333,0.527777778,0.201388889,forage
EA05388,3,F,18,465,2019,460,10,-5,YES,0.486111111,0.013888889,0.5,forage
EX93815,2,M,150,400,2019,470,8,70,NO,0.3125,0.152777778,0.534722222,forage
FB20883,2,F,DB33,390,2019,425,7,35,NO,0.381944444,0.111111111,0.506944444,forage
EZ01635,2,F,95,355,2019,465,11,110,NO,0.041666667,0.361111111,0.597222222,forage
EJ99550,2,F,201,375,2019,425,8,50,NO,0.3125,0.444444444,0.243055556,commute
EX41732,5,M,DB20,385,2019,390,5,5,YES,0.263888889,0.222222222,0.513888889,commute
FB30047,3,F,46,430,2019,485,7,55,NO,0.451388889,0.027777778,0.520833333,forage
EX93815,2,M,150,400,2019,470,8,70,NO,0.375,0.229166667,0.395833333,forage
EK59614,3,F,158,390,2019,435,14,45,NO,0.319444444,0.243055556,0.4375,forage
EZ88883,3,M,181,395,2019,460,5,65,NO,0.256944444,0.375,0.368055556,commute
FB20883,2,F,DB33,390,2019,425,7,35,NO,0.4375,0.055555556,0.506944444,forage
EA05388,3,F,18,465,2019,460,10,-5,YES,0.354166667,0.159722222,0.486111111,forage
FB30047,3,F,46,430,2019,485,7,55,NO,0.298611111,0.125,0.576388889,forage
EZ01635,2,F,95,355,2019,465,11,110,NO,0.034722222,0.625,0.340277778,forage
EX41732,5,M,DB20,385,2019,390,5,5,YES,0.3125,0.215277778,0.472222222,forage
EZ01921,3,M,201,420,2019,455,7,35,NO,0.388888889,0.208333333,0.402777778,commute
EZ01650,4,M,3,460,2019,485,6,25,NO,0.111111111,0.284722222,0.604166667,forage
EA05388,3,F,18,465,2019,460,10,-5,YES,0.368055556,0.270833333,0.361111111,forage
EZ88883,3,M,181,395,2019,460,5,65,NO,0.520833333,0.013888889,0.465277778,forage
FB20883,2,F,DB33,390,2019,425,7,35,NO,0.361111111,0.118055556,0.520833333,forage
EK59614,3,F,158,390,2019,435,14,45,NO,0.368055556,0.270833333,0.361111111,commute
EX93815,2,M,150,400,2019,470,8,70,NO,0.451388889,0.145833333,0.402777778,commute
FB20883,2,F,DB33,390,2019,425,7,35,NO,0.444444444,0.090277778,0.465277778,commute
EA05388,3,F,18,465,2019,460,10,-5,YES,0.673611111,0.0625,0.263888889,forage
EZ01635,2,F,95,355,2019,465,11,110,NO,0.027777778,0.513888889,0.458333333,forage
EX41732,5,M,DB20,385,2019,390,5,5,YES,0.319444444,0.152777778,0.527777778,forage
EZ01921,3,M,201,420,2019,455,7,35,NO,0.368055556,0.229166667,0.402777778,forage
EZ88883,3,M,181,395,2019,460,5,65,NO,0.493055556,0.048611111,0.458333333,forage
EX93849,2,F,150,390,2019,435,9,45,NO,0.048611111,0.638888889,0.3125,commute
FB30047,3,F,46,430,2019,485,7,55,NO,0.583333333,0.097222222,0.319444444,forage
EZ01650,4,M,3,460,2019,485,6,25,NO,0.5625,0,0.4375,forage
FB30047,3,F,46,430,2019,485,7,55,NO,0.423611111,0.138888889,0.4375,forage
EZ01635,2,F,95,355,2019,465,11,110,NO,0.027777778,0.541666667,0.430555556,forage
EX41732,5,M,DB20,385,2019,390,5,5,YES,0.298611111,0.284722222,0.416666667,forage
EX93849,2,F,150,390,2019,435,9,45,NO,0.090277778,0.569444444,0.340277778,forage
EA05388,3,F,18,465,2019,460,10,-5,YES,0.395833333,0.236111111,0.368055556,commute
EZ01921,3,M,201,420,2019,455,7,35,NO,0.326388889,0.236111111,0.4375,forage
EZ88883,3,M,181,395,2019,460,5,65,NO,0.354166667,0.083333333,0.5625,forage
EZ01650,4,M,3,460,2019,485,6,25,NO,0.354166667,0.034722222,0.611111111,forage
EZ01921,3,M,201,420,2019,455,7,35,NO,0.423611111,0.173611111,0.402777778,forage
EZ88883,3,M,181,395,2019,460,5,65,NO,0.416666667,0.180555556,0.402777778,commute
EX93849,2,F,150,390,2019,435,9,45,NO,0.111111111,0.618055556,0.270833333,forage
EX41732,5,M,DB20,385,2019,390,5,5,YES,0.361111111,0.222222222,0.416666667,commute
FB30047,3,F,46,430,2019,485,7,55,NO,0.388888889,0.256944444,0.354166667,commute
EZ01635,2,F,95,355,2019,465,11,110,NO,0.069444444,0.4375,0.493055556,forage
EZ01650,4,M,3,460,2019,485,6,25,NO,0.3125,0.076388889,0.611111111,forage
EZ01650,4,M,3,460,2019,485,6,25,NO,0.236111111,0.034722222,0.729166667,forage
EZ01921,3,M,201,420,2019,455,7,35,NO,0.409722222,0.104166667,0.486111111,forage
EX93849,2,F,150,390,2019,435,9,45,NO,0.097222222,0.604166667,0.298611111,forage
EZ01635,2,F,95,355,2019,465,11,110,NO,0.076388889,0.347222222,0.576388889,forage
EZ01921,3,M,201,420,2019,455,7,35,NO,0.527777778,0.0625,0.409722222,forage
EZ01635,2,F,95,355,2019,465,11,110,NO,0.055555556,0.444444444,0.5,forage
EX93849,2,F,150,390,2019,435,9,45,NO,0.256944444,0.222222222,0.520833333,forage
EZ01650,4,M,3,460,2019,485,6,25,NO,0.138888889,0.402777778,0.458333333,commute
EX93849,2,F,150,390,2019,435,9,45,NO,0.25,0.118055556,0.631944444,forage
EZ01921,3,M,201,420,2019,455,7,35,NO,0.430555556,0.173611111,0.395833333,commute
EZ01635,2,F,95,355,2019,465,11,110,NO,0.125,0.4375,0.4375,commute
EJ99550,3,F,201,375,2019,440,3,65,NO,0.326388889,0.326388889,0.347222222,commute
EX93849,2,F,150,390,2019,435,9,45,NO,0.326388889,0.166666667,0.506944444,forage
EX93849,2,F,150,390,2019,435,9,45,NO,0.131944444,0.326388889,0.541666667,forage
EJ99550,3,F,201,375,2019,440,3,65,NO,0.583333333,0.048611111,0.368055556,forage
EJ99550,3,F,201,375,2019,440,3,65,NO,0.333333333,0.25,0.416666667,commute
EX93849,2,F,150,390,2019,435,9,45,NO,0.243055556,0.333333333,0.423611111,commute
