burrow,year,stintID,start_date,ring,sex,start_mass,burrowID,stintlength,DSL,end_mass,endsInNeglect,followsNeglect,exp,whoFirst
111,2017,0,16/05/2017,EZ01641,M,NA,111.2017,4,7,NA,NO,NO,UNKNOWN,nostart
111,2017,0,20/05/2017,EX93803,F,NA,111.2017,6,11,NA,NO,NO,UNKNOWN,nostart
111,2017,1,26/05/2017,EZ01641,M,NA,111.2017,6,17,NA,NO,NO,UNKNOWN,nostart
111,2017,1,01/06/2017,EX93803,F,NA,111.2017,10,23,NA,NO,NO,UNKNOWN,nostart
111,2017,2,11/06/2017,EZ01641,M,NA,111.2017,5,33,NA,NO,NO,UNKNOWN,nostart
111,2017,3,24/06/2017,EZ01641,M,NA,111.2017,7,46,NA,NO,NO,UNKNOWN,nostart
120,2015,0,10/05/2015,FB30024,F,390,120.2015,1,1,390,NO,NO,EXP,F
120,2015,0,11/05/2015,FB30098,M,445,120.2015,7,2,400,NO,NO,EXP,F
120,2015,1,18/05/2015,FB30024,F,480,120.2015,6,9,410,NO,NO,EXP,F
120,2015,1,24/05/2015,FB30098,M,435,120.2015,7,15,370,NO,NO,EXP,F
120,2015,2,31/05/2015,FB30024,F,410,120.2015,4,22,385,NO,NO,EXP,F
120,2015,2,04/06/2015,FB30098,M,430,120.2015,8,26,365,NO,NO,EXP,F
120,2015,3,12/06/2015,FB30024,F,435,120.2015,7,34,375,NO,NO,EXP,F
120,2015,4,27/06/2015,FB30024,F,440,120.2015,3,49,400,NO,NO,EXP,F
123,2016,0,09/05/2016,EY07291,F,405,123.2016,11,1,310,YES,NO,NEW,F
123,2016,0,21/05/2016,FB32205,M,475,123.2016,6,13,410,NO,YES,NEW,F
123,2016,1,27/05/2016,EY07291,F,440,123.2016,6,19,390,NO,NO,NEW,F
123,2016,1,02/06/2016,FB32205,M,450,123.2016,6,25,405,NO,NO,NEW,F
123,2016,2,08/06/2016,EY07291,F,450,123.2016,10,31,370,NO,NO,NEW,F
123,2016,3,25/06/2016,EY07291,F,450,123.2016,5,48,410,NO,NO,NEW,F
129,2016,0,12/05/2016,EY07295,M,435,129.2016,2,1,425,YES,NO,EXP,M
129,2016,1,15/05/2016,EY07295,M,435,129.2016,1,4,435,YES,YES,EXP,M
129,2016,0,18/05/2016,EX93991,F,465,129.2016,3,7,440,NO,YES,EXP,M
129,2016,2,21/05/2016,EY07295,M,470,129.2016,6,10,370,NO,NO,EXP,M
129,2016,1,27/05/2016,EX93991,F,475,129.2016,6,16,430,NO,NO,EXP,M
129,2016,3,02/06/2016,EY07295,M,450,129.2016,9,22,365,YES,NO,EXP,M
129,2016,4,12/06/2016,EY07295,M,390,129.2016,1,32,390,YES,YES,EXP,M
129,2016,5,15/06/2016,EY07295,M,415,129.2016,1,35,415,NO,YES,EXP,M
129,2016,2,16/06/2016,EX93991,F,415,129.2016,6,36,380,NO,NO,EXP,M
129,2016,6,22/06/2016,EY07295,M,490,129.2016,5,42,435,NO,NO,EXP,M
129,2016,7,02/07/2016,EY07295,M,495,129.2016,4,52,460,NO,NO,EXP,M
129,2017,0,16/05/2017,EY07395,M,NA,129.2017,3,4,NA,NO,NO,UNKNOWN,nostart
129,2017,0,19/05/2017,EX93991,F,NA,129.2017,5,7,NA,NO,NO,UNKNOWN,nostart
129,2017,1,24/05/2017,EY07395,M,NA,129.2017,7,12,NA,NO,NO,UNKNOWN,nostart
129,2017,1,31/05/2017,EX93991,F,NA,129.2017,7,19,NA,NO,NO,UNKNOWN,nostart
129,2017,2,07/06/2017,EY07395,M,NA,129.2017,7,26,NA,NO,NO,UNKNOWN,nostart
129,2017,2,14/06/2017,EX93991,F,NA,129.2017,6,33,NA,NO,NO,UNKNOWN,nostart
129,2017,3,20/06/2017,EY07395,M,NA,129.2017,7,39,NA,NO,NO,UNKNOWN,nostart
130,2015,0,14/05/2015,EL60658,M,465,130.2015,1,1,465,NO,NO,UNKNOWN,M
130,2015,0,15/05/2015,EL60762,F,395,130.2015,3,2,370,NO,NO,UNKNOWN,M
130,2015,1,18/05/2015,EL60658,M,475,130.2015,9,5,390,NO,NO,UNKNOWN,M
130,2015,1,27/05/2015,EL60762,F,420,130.2015,9,14,335,NO,NO,UNKNOWN,M
130,2015,2,05/06/2015,EL60658,M,475,130.2015,9,23,400,NO,NO,UNKNOWN,M
130,2015,2,14/06/2015,EL60762,F,475,130.2015,10,32,365,NO,NO,UNKNOWN,M
130,2015,3,24/06/2015,EL60658,M,485,130.2015,8,42,405,NO,NO,UNKNOWN,M
130,2017,0,15/05/2017,FB32246,M,NA,130.2017,7,16,NA,YES,NO,UNKNOWN,nostart
130,2017,0,23/05/2017,EZ72881,F,NA,130.2017,8,24,NA,NO,YES,UNKNOWN,nostart
130,2017,1,31/05/2017,FB32246,M,NA,130.2017,6,32,NA,YES,NO,UNKNOWN,nostart
130,2017,2,17/06/2017,FB32246,M,NA,130.2017,9,49,NA,NO,NO,UNKNOWN,nostart
132,2019,0,05/05/2019,FB32329,F,430,132.2019,1,1,430,NO,NO,EXP,F
132,2019,0,06/05/2019,EZ88864,M,445,132.2019,3,2,430,NO,NO,EXP,F
132,2019,1,09/05/2019,FB32329,F,460,132.2019,1,5,460,YES,NO,EXP,F
132,2019,2,11/05/2019,FB32329,F,425,132.2019,3,7,415,NO,YES,EXP,F
132,2019,1,14/05/2019,EZ88864,M,480,132.2019,2,10,465,YES,NO,EXP,F
132,2019,3,21/05/2019,FB32329,F,435,132.2019,5,17,390,NO,YES,EXP,F
132,2019,2,23/05/2019,EZ88864,M,435,132.2019,1,19,435,NO,NO,EXP,F
132,2019,3,26/05/2019,EZ88864,M,450,132.2019,1,22,450,NO,NO,EXP,F
132,2019,4,27/05/2019,FB32329,F,430,132.2019,3,23,385,YES,NO,EXP,F
132,2019,5,03/06/2019,FB32329,F,400,132.2019,1,30,400,YES,YES,EXP,F
132,2019,6,09/06/2019,FB32329,F,465,132.2019,1,36,465,NO,NO,EXP,F
135,2019,0,05/05/2019,FB30681,F,455,135.2019,1,1,455,NO,NO,EXP,F
135,2019,0,06/05/2019,FB32330,M,460,135.2019,5,2,410,NO,NO,EXP,F
135,2019,1,11/05/2019,FB30681,F,485,135.2019,5,7,465,NO,NO,EXP,F
135,2019,1,16/05/2019,FB32330,M,470,135.2019,6,12,430,NO,NO,EXP,F
135,2019,2,22/05/2019,FB30681,F,470,135.2019,7,18,410,NO,NO,EXP,F
135,2019,2,29/05/2019,FB32330,M,475,135.2019,6,25,425,NO,NO,EXP,F
135,2019,3,04/06/2019,FB30681,F,460,135.2019,7,31,425,NO,NO,EXP,F
135,2019,3,11/06/2019,FB32330,M,445,135.2019,9,38,365,NO,NO,EXP,F
135,2019,4,20/06/2019,FB30681,F,490,135.2019,6,47,430,NO,NO,EXP,F
139,2015,0,07/05/2015,FB30303,M,435,139.2015,5,1,380,NO,NO,EXP,M
139,2015,0,12/05/2015,EX93603,F,510,139.2015,6,6,465,NO,NO,EXP,M
139,2015,1,18/05/2015,FB30303,M,430,139.2015,2,12,425,YES,NO,EXP,M
14,2017,0,15/05/2017,EL60769,M,NA,14.2017,7,6,NA,NO,NO,EXP,nostart
14,2017,0,22/05/2017,FB30109,F,NA,14.2017,7,13,NA,NO,NO,EXP,nostart
14,2017,1,29/05/2017,EL60769,M,NA,14.2017,4,20,NA,NO,NO,EXP,nostart
14,2017,2,26/06/2017,EL60769,M,NA,14.2017,3,48,NA,NO,NO,EXP,nostart
140,2015,0,12/05/2015,FB30072,M,510,140.2015,7,1,455,NO,NO,EXP,M
140,2015,0,19/05/2015,EX93604,F,455,140.2015,6,8,400,NO,NO,EXP,M
140,2015,1,25/05/2015,FB30072,M,495,140.2015,6,14,425,YES,NO,EXP,M
140,2015,2,01/06/2015,FB30072,M,445,140.2015,3,21,440,NO,YES,EXP,M
140,2015,3,12/06/2015,FB30072,M,480,140.2015,4,32,430,NO,NO,EXP,M
140,2016,0,16/05/2016,EK93604,F,395,140.2016,3,1,375,NO,NO,UNKNOWN,F
140,2016,0,19/05/2016,FB30072,M,500,140.2016,8,4,440,NO,NO,UNKNOWN,F
140,2016,1,27/05/2016,EK93604,F,490,140.2016,7,12,440,NO,NO,UNKNOWN,F
140,2016,1,03/06/2016,FB30072,M,455,140.2016,7,19,430,NO,NO,UNKNOWN,F
140,2016,2,10/06/2016,EK93604,F,445,140.2016,7,26,395,NO,NO,UNKNOWN,F
140,2016,2,17/06/2016,FB30072,M,500,140.2016,7,33,470,NO,NO,UNKNOWN,F
140,2016,3,24/06/2016,EK93604,F,455,140.2016,7,40,420,NO,NO,UNKNOWN,F
145,2016,0,11/05/2016,EZ01622,M,440,145.2016,7,2,385,NO,NO,EXP,nostart
145,2016,0,18/05/2016,EX93861,F,475,145.2016,4,9,465,NO,NO,EXP,nostart
145,2016,1,22/05/2016,EZ01622,M,480,145.2016,3,13,465,NO,NO,EXP,nostart
145,2016,1,25/05/2016,EX93861,F,450,145.2016,3,16,430,NO,NO,EXP,nostart
145,2016,2,28/05/2016,EZ01622,M,470,145.2016,7,19,410,NO,NO,EXP,nostart
145,2016,2,04/06/2016,EX93861,F,455,145.2016,12,26,360,NO,NO,EXP,nostart
145,2016,3,16/06/2016,EZ01622,M,440,145.2016,8,38,380,NO,NO,EXP,nostart
147,2017,0,16/05/2017,FB30504,M,NA,147.2017,5,9,NA,NO,NO,NEW,nostart
147,2017,0,21/05/2017,FB32172,F,NA,147.2017,4,14,NA,NO,NO,NEW,nostart
147,2017,1,25/05/2017,FB30504,M,NA,147.2017,6,18,NA,NO,NO,NEW,nostart
147,2017,1,31/05/2017,FB32172,F,NA,147.2017,6,24,NA,NO,NO,NEW,nostart
147,2017,2,06/06/2017,FB30504,M,NA,147.2017,8,30,NA,NO,NO,NEW,nostart
147,2017,3,23/06/2017,FB30504,M,NA,147.2017,3,47,NA,NO,NO,NEW,nostart
15,2017,0,13/05/2017,EB52885,M,NA,15.2017,4,1,NA,NO,NO,NEW,M
15,2017,0,17/05/2017,EY07369,F,NA,15.2017,5,5,NA,NO,NO,NEW,M
15,2017,1,22/05/2017,EB52885,M,NA,15.2017,3,10,NA,NO,NO,NEW,M
15,2017,1,25/05/2017,EY07369,F,NA,15.2017,5,13,NA,NO,NO,NEW,M
15,2017,2,30/05/2017,EB52885,M,NA,15.2017,6,18,NA,NO,NO,NEW,M
15,2017,2,05/06/2017,EY07369,F,NA,15.2017,8,24,NA,NO,NO,NEW,M
15,2017,3,13/06/2017,EB52885,M,NA,15.2017,9,32,NA,NO,NO,NEW,M
150,2019,0,12/05/2019,EX93815,M,460,150.2019,3,1,440,NO,NO,UNKNOWN,M
150,2019,0,15/05/2019,EX93849,F,410,150.2019,6,4,380,NO,NO,UNKNOWN,M
150,2019,1,21/05/2019,EX93815,M,455,150.2019,6,10,NA,NO,NO,UNKNOWN,M
150,2019,1,27/05/2019,EX93849,F,430,150.2019,11,16,355,NO,NO,UNKNOWN,M
150,2019,2,07/06/2019,EX93815,M,445,150.2019,7,27,400,NO,NO,UNKNOWN,M
150,2019,2,14/06/2019,EX93849,F,435,150.2019,8,34,390,NO,NO,UNKNOWN,M
150,2019,3,22/06/2019,EX93815,M,470,150.2019,9,42,400,NO,NO,UNKNOWN,M
151,2016,0,12/05/2016,FB30392,M,480,151.2016,3,1,470,NO,NO,EXP,M
151,2016,0,15/05/2016,FB24525,F,405,151.2016,2,4,400,NO,NO,EXP,M
151,2016,1,17/05/2016,FB30392,M,480,151.2016,5,6,440,NO,NO,EXP,M
151,2016,1,22/05/2016,FB24525,F,415,151.2016,4,11,390,NO,NO,EXP,M
151,2016,2,26/05/2016,FB30392,M,505,151.2016,8,15,420,NO,NO,EXP,M
151,2016,2,03/06/2016,FB24525,F,440,151.2016,6,23,395,NO,NO,EXP,M
151,2016,3,09/06/2016,FB30392,M,460,151.2016,6,29,395,NO,NO,EXP,M
151,2016,4,22/06/2016,FB30392,M,475,151.2016,7,42,410,NO,NO,EXP,M
151,2017,0,15/05/2017,FB24525,F,NA,151.2017,7,8,NA,NO,NO,EXP,nostart
151,2017,0,22/05/2017,FB30392,M,NA,151.2017,7,15,NA,NO,NO,EXP,nostart
151,2017,1,29/05/2017,FB24525,F,NA,151.2017,8,22,NA,NO,NO,EXP,nostart
151,2017,1,06/06/2017,FB30392,M,NA,151.2017,7,30,NA,NO,NO,EXP,nostart
151,2017,2,13/06/2017,FB24525,F,NA,151.2017,5,37,NA,NO,NO,EXP,nostart
151,2017,3,25/06/2017,FB24525,F,NA,151.2017,2,49,NA,NO,NO,EXP,nostart
158,2019,0,08/05/2019,EK59614,F,480,158.2019,1,1,480,NO,NO,EXP,F
158,2019,0,08/05/2019,EZ88854,M,425,158.2019,5,1,410,NO,NO,EXP,F
158,2019,1,13/05/2019,EK59614,F,480,158.2019,6,6,410,NO,NO,EXP,F
158,2019,1,16/05/2019,EZ88854,M,455,158.2019,1,9,455,NO,NO,EXP,F
158,2019,2,19/05/2019,EZ88854,M,460,158.2019,3,12,445,NO,NO,EXP,F
158,2019,2,22/05/2019,EK59614,F,425,158.2019,3,15,400,NO,NO,EXP,F
158,2019,3,25/05/2019,EZ88854,M,450,158.2019,6,18,405,NO,NO,EXP,F
158,2019,3,31/05/2019,EK59614,F,490,158.2019,8,24,390,NO,NO,EXP,F
158,2019,4,04/06/2019,EZ88854,M,435,158.2019,1,28,435,NO,NO,EXP,F
158,2019,5,08/06/2019,EZ88854,M,455,158.2019,12,32,360,YES,NO,EXP,F
158,2019,6,21/06/2019,EZ88854,M,385,158.2019,1,45,385,NO,YES,EXP,F
158,2019,4,22/06/2019,EK59614,F,435,158.2019,2,46,425,NO,NO,EXP,F
158,2019,5,25/06/2019,EK59614,F,400,158.2019,2,49,395,NO,NO,EXP,F
159,2016,0,07/05/2016,EZ01946,F,430,159.2016,1,1,430,NO,NO,NEW,F
159,2016,0,08/05/2016,EX93860,M,470,159.2016,9,2,395,NO,NO,NEW,F
159,2016,1,17/05/2016,EZ01946,F,460,159.2016,6,11,405,NO,NO,NEW,F
159,2016,1,23/05/2016,EX93860,M,450,159.2016,9,17,395,NO,NO,NEW,F
159,2016,2,01/06/2016,EZ01946,F,450,159.2016,12,26,340,NO,NO,NEW,F
161,2019,0,13/05/2019,EX93859,M,390,161.2019,2,1,370,NO,NO,NEW,M
161,2019,0,13/05/2019,EZ72789,F,380,161.2019,5,1,325,YES,NO,NEW,M
161,2019,1,23/05/2019,EX93859,M,390,161.2019,2,11,375,YES,NO,NEW,M
161,2019,1,26/05/2019,EZ72789,F,435,161.2019,7,14,365,YES,YES,NEW,M
161,2019,2,28/05/2019,EX93859,M,385,161.2019,1,16,385,NO,NO,NEW,M
161,2019,3,30/05/2019,EX93859,M,375,161.2019,1,18,375,NO,NO,NEW,M
161,2019,4,03/06/2019,EX93859,M,360,161.2019,1,22,360,NO,YES,NEW,M
161,2019,2,03/06/2019,EZ72789,F,420,161.2019,3,22,360,NO,NO,NEW,M
161,2019,5,06/06/2019,EX93859,M,390,161.2019,1,25,390,YES,NO,NEW,M
161,2019,6,10/06/2019,EX93859,M,400,161.2019,1,29,400,YES,YES,NEW,M
161,2019,7,12/06/2019,EX93859,M,410,161.2019,4,31,355,NO,YES,NEW,M
161,2019,3,13/06/2019,EZ72789,F,455,161.2019,6,32,390,NO,NO,NEW,M
161,2019,8,19/06/2019,EX93859,M,410,161.2019,1,38,410,YES,NO,NEW,M
161,2019,9,21/06/2019,EX93859,M,395,161.2019,1,40,395,YES,YES,NEW,M
161,2019,10,27/06/2019,EX93859,M,375,161.2019,2,46,365,NO,YES,NEW,M
161,2019,4,27/06/2019,EZ72789,F,425,161.2019,2,46,410,NO,NO,NEW,M
161,2019,11,02/07/2019,EX93859,M,405,161.2019,1,51,405,YES,NO,NEW,M
163,2016,0,11/05/2016,EZ01950,F,360,163.2016,3,1,330,YES,NO,UNKNOWN,F
163,2016,1,16/05/2016,EZ01950,F,375,163.2016,1,6,375,NO,YES,UNKNOWN,F
163,2016,0,17/05/2016,EZ01934,M,450,163.2016,5,7,400,NO,NO,UNKNOWN,F
163,2016,2,22/05/2016,EZ01950,F,400,163.2016,5,12,370,NO,NO,UNKNOWN,F
163,2016,1,27/05/2016,EZ01934,M,NA,163.2016,1,17,NA,YES,NO,UNKNOWN,F
163,2016,3,05/06/2016,EZ01950,F,360,163.2016,1,26,360,NO,YES,UNKNOWN,F
163,2016,4,11/06/2016,EZ01950,F,415,163.2016,4,32,370,NO,YES,UNKNOWN,F
165,2017,0,16/05/2017,FB30677,F,NA,165.2017,1,16,NA,NO,NO,UNKNOWN,nostart
165,2017,0,17/05/2017,EZ72785,M,NA,165.2017,7,17,NA,NO,NO,UNKNOWN,nostart
165,2017,1,24/05/2017,FB30677,F,NA,165.2017,5,24,NA,NO,NO,UNKNOWN,nostart
165,2017,1,29/05/2017,EZ72785,M,NA,165.2017,7,29,NA,NO,NO,UNKNOWN,nostart
165,2017,2,05/06/2017,FB30677,F,NA,165.2017,6,36,NA,NO,NO,UNKNOWN,nostart
167,2016,0,07/06/2016,EK59739,M,480,167.2016,6,8,430,NO,NO,NEW,nostart
167,2016,0,13/06/2016,EZ01653,F,420,167.2016,4,14,380,NO,NO,NEW,nostart
167,2016,1,17/06/2016,EK59739,M,480,167.2016,4,18,485,NO,NO,NEW,nostart
167,2016,1,21/06/2016,EZ01653,F,395,167.2016,7,22,335,NO,NO,NEW,nostart
167,2016,2,28/06/2016,EK59739,M,470,167.2016,8,29,415,NO,NO,NEW,nostart
16L,2017,0,16/05/2017,FB32297,M,NA,16L.2017,3,7,NA,NO,NO,EXP,nostart
16L,2017,0,19/05/2017,FB30568,F,NA,16L.2017,3,10,NA,NO,NO,EXP,nostart
16L,2017,1,22/05/2017,FB32297,M,NA,16L.2017,7,13,NA,NO,NO,EXP,nostart
16L,2017,1,29/05/2017,FB30568,F,NA,16L.2017,4,20,NA,NO,NO,EXP,nostart
16L,2017,2,02/06/2017,FB32297,M,NA,16L.2017,4,24,NA,YES,NO,EXP,nostart
16L,2017,3,07/06/2017,FB32297,M,NA,16L.2017,1,29,NA,YES,YES,EXP,nostart
16L,2017,4,12/06/2017,FB32297,M,NA,16L.2017,2,34,NA,YES,NO,EXP,nostart
171,2015,0,17/05/2015,EX93918,M,450,171.2015,7,1,385,NO,NO,EXP,M
171,2015,0,24/05/2015,EK59706,F,405,171.2015,9,8,330,NO,NO,EXP,M
171,2015,1,02/06/2015,EX93918,M,460,171.2015,7,17,395,NO,NO,EXP,M
171,2015,1,09/06/2015,EK59706,F,440,171.2015,6,24,385,NO,NO,EXP,M
171,2015,2,15/06/2015,EX93918,M,470,171.2015,7,30,420,NO,NO,EXP,M
171,2015,2,22/06/2015,EK59706,F,425,171.2015,7,37,360,NO,NO,EXP,M
171,2015,3,29/06/2015,EX93918,M,465,171.2015,6,44,395,NO,NO,EXP,M
175,2015,0,23/05/2015,EB52820,F,365,175.2015,4,1,335,NO,NO,EXP,F
175,2015,0,27/05/2015,EX93922,M,440,175.2015,5,5,395,NO,NO,EXP,F
175,2015,1,01/06/2015,EB52820,F,425,175.2015,8,10,355,NO,NO,EXP,F
175,2015,1,09/06/2015,EX93922,M,460,175.2015,8,18,385,NO,NO,EXP,F
175,2015,2,17/06/2015,EB52820,F,415,175.2015,9,26,330,NO,NO,EXP,F
175,2015,3,04/07/2015,EB52820,F,420,175.2015,8,43,NA,NO,NO,EXP,F
18,2016,0,08/05/2016,EY07289,M,455,18.2016,10,1,380,NO,NO,UNKNOWN,M
18,2016,0,18/05/2016,EZ01960,F,475,18.2016,8,11,410,NO,NO,UNKNOWN,M
18,2016,1,26/05/2016,EY07289,M,465,18.2016,8,19,395,NO,NO,UNKNOWN,M
18,2016,1,03/06/2016,EZ01960,F,450,18.2016,9,27,375,NO,NO,UNKNOWN,M
18,2016,2,12/06/2016,EY07289,M,445,18.2016,9,36,360,NO,NO,UNKNOWN,M
18,2016,3,27/06/2016,EY07289,M,450,18.2016,3,51,430,NO,NO,UNKNOWN,M
18,2019,0,06/05/2019,EA05388,F,415,18.2019,3,1,400,NO,NO,UNKNOWN,F
18,2019,0,06/05/2019,EY07275,M,440,18.2019,1,1,440,NO,NO,UNKNOWN,F
18,2019,1,09/05/2019,EY07275,M,450,18.2019,7,4,375,NO,NO,UNKNOWN,F
18,2019,1,16/05/2019,EA05388,F,485,18.2019,5,11,450,NO,NO,UNKNOWN,F
18,2019,2,21/05/2019,EY07275,M,440,18.2019,2,16,425,YES,NO,UNKNOWN,F
18,2019,3,24/05/2019,EY07275,M,400,18.2019,3,19,380,YES,YES,UNKNOWN,F
18,2019,4,28/05/2019,EY07275,M,365,18.2019,1,23,365,NO,YES,UNKNOWN,F
18,2019,2,29/05/2019,EA05388,F,485,18.2019,5,24,460,YES,NO,UNKNOWN,F
18,2019,3,11/06/2019,EA05388,F,490,18.2019,3,37,465,YES,YES,UNKNOWN,F
18,2019,4,24/06/2019,EA05388,F,460,18.2019,2,50,440,YES,YES,UNKNOWN,F
181,2019,0,08/05/2019,EZ88883,M,465,181.2019,2,1,450,NO,NO,NEW,M
181,2019,0,10/05/2019,EX59709,F,450,181.2019,3,3,425,NO,NO,NEW,M
181,2019,1,13/05/2019,EZ88883,M,450,181.2019,5,6,400,NO,NO,NEW,M
181,2019,1,17/05/2019,EX59709,F,405,181.2019,8,10,390,NO,NO,NEW,M
181,2019,2,25/05/2019,EZ88883,M,455,181.2019,11,18,350,NO,NO,NEW,M
181,2019,2,05/06/2019,EX59709,F,425,181.2019,8,29,375,NO,NO,NEW,M
181,2019,3,13/06/2019,EZ88883,M,455,181.2019,7,37,395,NO,NO,NEW,M
181,2019,3,20/06/2019,EX59709,F,425,181.2019,1,44,425,NO,NO,NEW,M
181,2019,4,25/06/2019,EZ88883,M,460,181.2019,2,49,450,NO,NO,NEW,M
184,2018,0,21/05/2018,EK59655,M,400,184.2018,2,1,395,NO,NO,EXP,M
184,2018,0,23/05/2018,EK59656,F,440,184.2018,5,3,400,NO,NO,EXP,M
184,2018,1,28/05/2018,EK59655,M,450,184.2018,7,8,375,NO,NO,EXP,M
184,2018,1,04/06/2018,EK59656,F,455,184.2018,7,15,390,NO,NO,EXP,M
184,2018,2,11/06/2018,EK59655,M,445,184.2018,8,22,360,NO,NO,EXP,M
184,2018,2,19/06/2018,EK59656,F,480,184.2018,7,30,420,NO,NO,EXP,M
184,2018,3,26/06/2018,EK59655,M,445,184.2018,8,37,365,NO,NO,EXP,M
185,2019,0,09/05/2019,EZ72727,M,435,185.2019,2,1,415,YES,NO,NEW,M
185,2019,1,12/05/2019,EZ72727,M,420,185.2019,1,4,420,YES,YES,NEW,M
185,2019,0,14/05/2019,FB32163,F,430,185.2019,3,6,425,YES,YES,NEW,M
185,2019,1,21/05/2019,FB32163,F,430,185.2019,1,13,430,YES,YES,NEW,M
185,2019,2,24/05/2019,EZ72727,M,400,185.2019,1,16,400,NO,YES,NEW,M
185,2019,2,25/05/2019,FB32163,F,445,185.2019,2,17,445,NO,NO,NEW,M
185,2019,3,27/05/2019,EZ72727,M,430,185.2019,3,19,400,YES,NO,NEW,M
185,2019,4,04/06/2019,EZ72727,M,385,185.2019,1,27,385,YES,YES,NEW,M
186,2015,0,21/05/2015,EK59620,M,465,186.2015,5,1,420,NO,NO,EXP,M
186,2015,0,26/05/2015,EY07357,F,390,186.2015,5,6,355,NO,NO,EXP,M
186,2015,1,31/05/2015,EK59620,M,460,186.2015,6,11,395,NO,NO,EXP,M
186,2015,1,06/06/2015,EY07357,F,405,186.2015,8,17,335,NO,NO,EXP,M
186,2015,2,14/06/2015,EK59620,M,455,186.2015,7,25,380,NO,NO,EXP,M
186,2015,2,21/06/2015,EY07357,F,420,186.2015,5,32,370,NO,NO,EXP,M
186,2015,3,30/06/2015,EK59620,M,435,186.2015,7,37,NA,NO,NO,EXP,M
186,2018,0,19/05/2018,FB32243,F,425,186.2018,3,1,395,NO,NO,UNKNOWN,F
186,2018,0,22/05/2018,EZ88868,M,445,186.2018,2,4,425,NO,NO,UNKNOWN,F
186,2018,1,24/05/2018,FB32243,F,435,186.2018,5,6,405,NO,NO,UNKNOWN,F
186,2018,1,28/05/2018,EZ88868,M,450,186.2018,3,10,415,NO,NO,UNKNOWN,F
186,2018,2,31/05/2018,FB32243,F,430,186.2018,4,13,385,NO,NO,UNKNOWN,F
186,2018,2,04/06/2018,EZ88868,M,440,186.2018,4,17,420,NO,NO,UNKNOWN,F
186,2018,3,08/06/2018,FB32243,F,415,186.2018,6,21,370,NO,NO,UNKNOWN,F
186,2018,3,14/06/2018,EZ88868,M,500,186.2018,5,27,440,NO,NO,UNKNOWN,F
186,2018,4,19/06/2018,FB32243,F,420,186.2018,5,32,380,NO,NO,UNKNOWN,F
186,2018,4,24/06/2018,EZ88868,M,465,186.2018,5,37,430,NO,NO,UNKNOWN,F
186,2018,5,29/06/2018,FB32243,F,430,186.2018,5,42,385,NO,NO,UNKNOWN,F
189,2016,0,21/05/2016,EK59682,M,345,189.2016,2,1,NA,NO,NO,UNKNOWN,M
189,2016,0,23/05/2016,EK93928,F,450,189.2016,9,3,NA,NO,NO,UNKNOWN,M
189,2016,1,01/06/2016,EK59682,M,455,189.2016,7,12,400,NO,NO,UNKNOWN,M
189,2016,1,08/06/2016,EK93928,F,450,189.2016,6,19,380,YES,NO,UNKNOWN,M
189,2016,2,15/06/2016,EK93928,F,380,189.2016,1,26,380,YES,YES,UNKNOWN,M
189,2016,2,17/06/2016,EK59682,M,470,189.2016,5,28,425,NO,YES,UNKNOWN,M
189,2016,3,22/06/2016,EK93928,F,415,189.2016,2,33,410,YES,NO,UNKNOWN,M
189,2016,4,25/06/2016,EK93928,F,410,189.2016,1,36,410,YES,YES,UNKNOWN,M
189,2016,3,27/06/2016,EK59682,M,465,189.2016,5,38,415,NO,YES,UNKNOWN,M
189,2016,5,02/07/2016,EK93928,F,445,189.2016,2,43,425,YES,NO,UNKNOWN,M
189,2016,4,08/07/2016,EK59682,M,460,189.2016,4,49,400,NO,YES,UNKNOWN,M
193,2016,0,11/05/2016,EK59809,M,470,193.2016,5,1,410,NO,NO,EXP,M
193,2016,0,16/05/2016,EZ01767,F,465,193.2016,6,6,395,NO,NO,EXP,M
193,2016,1,22/05/2016,EK59809,M,410,193.2016,5,12,365,YES,NO,EXP,M
193,2016,2,03/06/2016,EK59809,M,455,193.2016,7,24,385,NO,NO,EXP,M
194,2016,0,21/05/2016,EZ01668,F,410,194.2016,3,1,380,NO,NO,NEW,F
194,2016,0,24/05/2016,EK59932,M,480,194.2016,10,4,375,NO,NO,NEW,F
194,2016,1,03/06/2016,EZ01668,F,385,194.2016,7,14,375,NO,NO,NEW,F
194,2016,1,10/06/2016,EK59932,M,485,194.2016,8,21,395,NO,NO,NEW,F
194,2016,2,18/06/2016,EZ01668,F,465,194.2016,8,29,400,NO,NO,NEW,F
194,2016,2,26/06/2016,EK59932,M,480,194.2016,9,37,410,NO,NO,NEW,F
194,2016,3,05/07/2016,EZ01668,F,440,194.2016,1,46,440,YES,NO,NEW,F
194,2016,4,07/07/2016,EZ01668,F,420,194.2016,5,48,360,NO,YES,NEW,F
195,2015,0,07/05/2015,EJ47565,M,470,195.2015,1,1,470,NO,NO,EXP,M
195,2015,0,08/05/2015,EK59811,F,470,195.2015,1,2,470,NO,NO,EXP,M
195,2015,1,09/05/2015,EJ47565,M,495,195.2015,3,3,440,NO,NO,EXP,M
195,2015,1,12/05/2015,EK59811,F,460,195.2015,2,6,NA,NO,NO,EXP,M
195,2015,2,14/05/2015,EJ47565,M,475,195.2015,4,8,440,NO,NO,EXP,M
195,2015,2,18/05/2015,EK59811,F,430,195.2015,5,12,415,NO,NO,EXP,M
195,2015,3,23/05/2015,EJ47565,M,460,195.2015,6,17,410,NO,NO,EXP,M
195,2015,3,29/05/2015,EK59811,F,445,195.2015,7,23,NA,NO,NO,EXP,M
195,2015,4,05/06/2015,EJ47565,M,455,195.2015,7,30,395,NO,NO,EXP,M
195,2015,4,12/06/2015,EK59811,F,450,195.2015,6,37,410,NO,NO,EXP,M
195,2015,5,18/06/2015,EJ47565,M,480,195.2015,8,43,390,NO,NO,EXP,M
195,2016,0,07/05/2016,EJ47565,M,495,195.2016,9,1,400,NO,NO,EXP,M
195,2016,0,16/05/2016,EK59811,F,470,195.2016,4,10,430,NO,NO,EXP,M
195,2016,1,20/05/2016,EJ47565,M,465,195.2016,5,14,425,NO,NO,EXP,M
195,2016,1,25/05/2016,EK59811,F,465,195.2016,4,19,NA,NO,NO,EXP,M
195,2016,2,29/05/2016,EJ47565,M,455,195.2016,5,23,400,NO,NO,EXP,M
195,2016,2,03/06/2016,EK59811,F,440,195.2016,6,28,415,NO,NO,EXP,M
195,2016,3,09/06/2016,EJ47565,M,455,195.2016,8,34,380,NO,NO,EXP,M
195,2016,4,23/06/2016,EJ47565,M,475,195.2016,3,48,450,NO,NO,EXP,M
201,2016,0,16/05/2016,EJ99550,F,480,201.2016,5,8,430,NO,NO,UNKNOWN,nostart
201,2016,0,21/05/2016,EZ01921,M,475,201.2016,6,13,420,NO,NO,UNKNOWN,nostart
201,2016,1,27/05/2016,EJ99550,F,445,201.2016,7,19,415,NO,NO,UNKNOWN,nostart
201,2016,1,03/06/2016,EZ01921,M,460,201.2016,7,26,NA,NO,NO,UNKNOWN,nostart
201,2016,2,10/06/2016,EJ99550,F,465,201.2016,7,33,NA,NO,NO,UNKNOWN,nostart
201,2019,0,10/05/2019,EZ01921,M,460,201.2019,5,1,420,NO,NO,EXP,M
201,2019,0,15/05/2019,EJ99550,F,460,201.2019,5,6,NA,NO,NO,EXP,M
201,2019,1,20/05/2019,EZ01921,M,475,201.2019,5,11,425,NO,NO,EXP,M
201,2019,1,25/05/2019,EJ99550,F,480,201.2019,4,16,450,NO,NO,EXP,M
201,2019,2,29/05/2019,EZ01921,M,480,201.2019,8,20,415,NO,NO,EXP,M
201,2019,2,06/06/2019,EJ99550,F,425,201.2019,7,28,375,NO,NO,EXP,M
201,2019,3,13/06/2019,EZ01921,M,470,201.2019,8,35,420,NO,NO,EXP,M
201,2019,3,21/06/2019,EJ99550,F,425,201.2019,7,43,375,NO,NO,EXP,M
201,2019,4,28/06/2019,EZ01921,M,455,201.2019,3,50,NA,NO,NO,EXP,M
202,2016,0,10/05/2016,FB24514,M,NA,202.2016,9,1,385,NO,NO,UNKNOWN,M
202,2016,0,19/05/2016,FB24529,F,470,202.2016,6,10,435,NO,NO,UNKNOWN,M
202,2016,1,25/05/2016,FB24514,M,480,202.2016,3,16,460,NO,NO,UNKNOWN,M
202,2016,2,29/05/2016,FB24514,M,430,202.2016,3,19,410,NO,NO,UNKNOWN,M
202,2016,3,08/06/2016,FB24514,M,430,202.2016,4,29,400,NO,NO,UNKNOWN,M
204,2016,0,15/05/2016,EK59610,M,475,204.2016,8,1,410,NO,NO,UNKNOWN,M
204,2016,0,23/05/2016,EZ01966,F,430,204.2016,3,9,415,NO,NO,UNKNOWN,M
204,2016,1,26/05/2016,EK59610,M,485,204.2016,6,12,410,NO,NO,UNKNOWN,M
204,2016,1,01/06/2016,EZ01966,F,390,204.2016,9,18,320,YES,NO,UNKNOWN,M
204,2016,2,12/06/2016,EK59610,M,455,204.2016,5,29,415,NO,YES,UNKNOWN,M
204,2016,2,17/06/2016,EZ01966,F,445,204.2016,8,34,395,NO,NO,UNKNOWN,M
204,2016,3,25/06/2016,EK59610,M,455,204.2016,8,42,385,NO,NO,UNKNOWN,M
205,2016,0,25/05/2016,FB30617,F,470,205.2016,7,10,400,NO,NO,UNKNOWN,nostart
205,2016,0,01/06/2016,EZ01963,M,480,205.2016,8,17,435,NO,NO,UNKNOWN,nostart
205,2016,1,09/06/2016,FB30617,F,460,205.2016,7,25,395,NO,NO,UNKNOWN,nostart
205,2016,1,16/06/2016,EZ01963,M,505,205.2016,8,32,460,NO,NO,UNKNOWN,nostart
205,2016,2,24/06/2016,FB30617,F,510,205.2016,8,40,430,NO,NO,UNKNOWN,nostart
205,2016,2,02/07/2016,EZ01963,M,520,205.2016,3,48,455,NO,NO,UNKNOWN,nostart
205,2018,0,18/05/2018,FB30617,F,465,205.2018,4,1,420,NO,NO,EXP,F
205,2018,0,22/05/2018,EZ01963,M,460,205.2018,4,5,440,NO,NO,EXP,F
205,2018,1,26/05/2018,FB30617,F,415,205.2018,4,9,390,NO,NO,EXP,F
205,2018,1,30/05/2018,EZ01963,M,460,205.2018,7,13,400,NO,NO,EXP,F
205,2018,2,06/06/2018,FB30617,F,490,205.2018,7,20,420,NO,NO,EXP,F
205,2018,2,13/06/2018,EZ01963,M,505,205.2018,7,27,440,NO,NO,EXP,F
205,2018,3,20/06/2018,FB30617,F,485,205.2018,9,34,405,NO,NO,EXP,F
206,2016,0,25/05/2016,FB30382,M,485,206.2016,7,1,415,NO,NO,EXP,M
206,2016,0,01/06/2016,EX93844,F,435,206.2016,7,8,375,NO,NO,EXP,M
206,2016,1,08/06/2016,FB30382,M,510,206.2016,6,15,455,NO,NO,EXP,M
206,2016,1,14/06/2016,EX93844,F,455,206.2016,9,21,385,NO,NO,EXP,M
206,2016,2,23/06/2016,FB30382,M,490,206.2016,9,30,405,NO,NO,EXP,M
207,2019,0,08/05/2019,EZ72871,F,445,207.2019,2,1,430,NO,NO,EXP,F
207,2019,0,10/05/2019,EZ72786,M,450,207.2019,7,3,400,NO,NO,EXP,F
207,2019,1,16/05/2019,EZ72871,F,450,207.2019,6,9,400,NO,NO,EXP,F
207,2019,2,01/06/2019,EZ72871,F,385,207.2019,1,25,385,NO,YES,EXP,F
209,2019,0,07/05/2019,EK59654,M,480,209.2019,1,1,480,NO,NO,UNKNOWN,M
209,2019,0,08/05/2019,EZ72759,F,440,209.2019,3,2,410,NO,NO,UNKNOWN,M
209,2019,1,11/05/2019,EK59654,M,470,209.2019,2,5,470,YES,NO,UNKNOWN,M
209,2019,1,14/05/2019,EZ72759,F,415,209.2019,7,8,365,NO,YES,UNKNOWN,M
209,2019,2,21/05/2019,EK59654,M,455,209.2019,10,15,375,YES,NO,UNKNOWN,M
209,2019,2,03/06/2019,EZ72759,F,420,209.2019,1,28,420,YES,YES,UNKNOWN,M
209,2019,3,05/06/2019,EK59654,M,460,209.2019,1,30,460,NO,YES,UNKNOWN,M
23,2015,0,15/05/2015,FB32163,F,400,23.2015,5,1,355,YES,NO,EXP,F
23,2015,1,31/05/2015,FB32163,F,425,23.2015,2,17,420,NO,YES,EXP,F
23,2015,0,02/06/2015,FB30048,M,465,23.2015,3,19,455,NO,NO,EXP,F
23,2015,2,05/06/2015,FB32163,F,410,23.2015,4,22,390,NO,NO,EXP,F
23,2015,3,16/06/2015,FB32163,F,420,23.2015,4,33,405,NO,YES,EXP,F
3,2018,0,20/05/2018,EZ01650,M,500,3.2018,5,1,430,NO,NO,EXP,M
3,2018,0,25/05/2018,EK59708,F,490,3.2018,3,6,475,NO,NO,EXP,M
3,2018,1,28/05/2018,EZ01650,M,480,3.2018,2,9,465,NO,NO,EXP,M
3,2018,1,30/05/2018,EK59708,F,450,3.2018,4,11,415,NO,NO,EXP,M
3,2018,2,03/06/2018,EZ01650,M,485,3.2018,4,15,450,NO,NO,EXP,M
3,2018,2,07/06/2018,EK59708,F,460,3.2018,3,19,440,NO,NO,EXP,M
3,2018,3,10/06/2018,EZ01650,M,510,3.2018,4,22,465,NO,NO,EXP,M
3,2018,3,14/06/2018,EK59708,F,470,3.2018,3,26,440,NO,NO,EXP,M
3,2018,4,17/06/2018,EZ01650,M,545,3.2018,2,29,535,NO,NO,EXP,M
3,2018,4,19/06/2018,EK59708,F,440,3.2018,2,31,425,NO,NO,EXP,M
3,2018,5,21/06/2018,EZ01650,M,500,3.2018,5,33,485,NO,NO,EXP,M
3,2018,5,26/06/2018,EK59708,F,435,3.2018,7,38,385,NO,NO,EXP,M
3,2018,6,03/07/2018,EZ01650,M,505,3.2018,8,45,430,NO,NO,EXP,M
3,2018,6,11/07/2018,EK59708,F,430,3.2018,2,53,420,NO,NO,EXP,M
3,2018,7,13/07/2018,EZ01650,M,520,3.2018,6,55,460,NO,NO,EXP,M
3,2018,7,19/07/2018,EK59708,F,440,3.2018,2,61,435,YES,NO,EXP,M
3,2018,8,22/07/2018,EZ01650,M,475,3.2018,2,64,475,NO,YES,EXP,M
3,2019,0,10/05/2019,EZ01650,M,480,3.2019,2,1,NA,NO,NO,EXP,M
3,2019,0,12/05/2019,EK59708,F,440,3.2019,2,3,NA,NO,NO,EXP,M
3,2019,1,14/05/2019,EZ01650,M,460,3.2019,5,5,420,NO,NO,EXP,M
3,2019,1,19/05/2019,EK59708,F,445,3.2019,5,10,405,NO,NO,EXP,M
3,2019,2,24/05/2019,EZ01650,M,510,3.2019,6,15,455,NO,NO,EXP,M
3,2019,2,30/05/2019,EK59708,F,460,3.2019,5,21,410,NO,NO,EXP,M
3,2019,3,04/06/2019,EZ01650,M,520,3.2019,5,26,490,NO,NO,EXP,M
3,2019,3,09/06/2019,EK59708,F,435,3.2019,5,31,390,NO,NO,EXP,M
3,2019,4,14/06/2019,EZ01650,M,495,3.2019,7,36,460,NO,NO,EXP,M
3,2019,5,27/06/2019,EZ01650,M,485,3.2019,4,49,455,NO,NO,EXP,M
39,2016,0,08/05/2016,FB30572,F,435,39.2016,4,1,385,YES,NO,UNKNOWN,F
39,2016,1,13/05/2016,FB30572,F,390,39.2016,1,6,390,NO,YES,UNKNOWN,F
42,2017,0,16/05/2017,FB30654,F,NA,42.2017,5,10,NA,NO,NO,NEW,nostart
42,2017,0,21/05/2017,EX41728,M,NA,42.2017,8,15,NA,NO,NO,NEW,nostart
42,2017,1,29/05/2017,FB30654,F,NA,42.2017,3,23,NA,NO,NO,NEW,nostart
42,2017,2,06/06/2017,FB30654,F,NA,42.2017,9,31,NA,YES,NO,NEW,nostart
42,2019,0,03/05/2019,EX41728,M,440,42.2019,3,1,420,NO,NO,EXP,M
42,2019,0,06/05/2019,FB30654,F,400,42.2019,3,4,395,NO,NO,EXP,M
42,2019,1,09/05/2019,EX41728,M,475,42.2019,3,7,440,NO,NO,EXP,M
42,2019,1,12/05/2019,FB30654,F,420,42.2019,3,10,395,NO,NO,EXP,M
42,2019,2,15/05/2019,EX41728,M,435,42.2019,4,13,415,NO,NO,EXP,M
42,2019,2,19/05/2019,FB30654,F,415,42.2019,8,17,365,NO,NO,EXP,M
42,2019,3,27/05/2019,EX41728,M,465,42.2019,8,25,430,NO,NO,EXP,M
42,2019,3,04/06/2019,FB30654,F,415,42.2019,2,33,410,NO,NO,EXP,M
42,2019,4,06/06/2019,EX41728,M,430,42.2019,4,35,410,NO,NO,EXP,M
42,2019,5,17/06/2019,EX41728,M,465,42.2019,6,46,435,NO,NO,EXP,M
44,2016,0,18/05/2016,EK59717,M,480,44.2016,9,5,390,NO,NO,UNKNOWN,nostart
44,2016,0,27/05/2016,EZ01953,F,490,44.2016,7,14,415,NO,NO,UNKNOWN,nostart
44,2016,1,03/06/2016,EK59717,M,470,44.2016,6,21,NA,NO,NO,UNKNOWN,nostart
44,2016,1,09/06/2016,EZ01953,F,445,44.2016,10,27,360,NO,NO,UNKNOWN,nostart
44,2016,2,19/06/2016,EK59717,M,470,44.2016,8,37,395,NO,NO,UNKNOWN,nostart
44,2017,0,15/05/2017,EK59717,M,NA,44.2017,3,3,NA,NO,NO,EXP,nostart
44,2017,0,18/05/2017,EZ01953,F,NA,44.2017,8,6,NA,NO,NO,EXP,nostart
44,2017,1,26/05/2017,EK59717,M,NA,44.2017,6,14,NA,NO,NO,EXP,nostart
44,2017,1,01/06/2017,EZ01953,F,NA,44.2017,10,20,NA,NO,NO,EXP,nostart
44,2017,2,11/06/2017,EK59717,M,NA,44.2017,9,30,NA,NO,NO,EXP,nostart
44,2017,3,29/06/2017,EK59717,M,NA,44.2017,3,48,NA,NO,NO,EXP,nostart
46,2015,0,06/05/2015,FB30034,M,525,46.2015,7,1,465,NO,NO,EXP,M
46,2015,0,13/05/2015,FB30047,F,495,46.2015,7,8,445,NO,NO,EXP,M
46,2015,1,20/05/2015,FB30034,M,525,46.2015,9,15,440,NO,NO,EXP,M
46,2015,1,29/05/2015,FB30047,F,500,46.2015,7,24,445,NO,NO,EXP,M
46,2015,2,05/06/2015,FB30034,M,515,46.2015,9,31,435,NO,NO,EXP,M
46,2015,3,21/06/2015,FB30034,M,500,46.2015,6,47,410,NO,NO,EXP,M
46,2017,0,16/05/2017,FB30047,F,NA,46.2017,2,16,NA,NO,NO,EXP,nostart
46,2017,0,18/05/2017,FB30034,M,NA,46.2017,11,18,NA,NO,NO,EXP,nostart
46,2017,1,29/05/2017,FB30047,F,NA,46.2017,7,29,NA,NO,NO,EXP,nostart
46,2017,2,13/06/2017,FB30047,F,NA,46.2017,7,44,NA,NO,NO,EXP,nostart
46,2019,0,05/05/2019,FB30047,F,430,46.2019,1,1,430,NO,NO,EXP,F
46,2019,0,06/05/2019,FB30034,M,480,46.2019,5,2,435,NO,NO,EXP,F
46,2019,1,11/05/2019,FB30047,F,480,46.2019,6,7,435,NO,NO,EXP,F
46,2019,1,17/05/2019,FB30034,M,510,46.2019,8,13,425,NO,NO,EXP,F
46,2019,2,25/05/2019,FB30047,F,495,46.2019,8,21,420,NO,NO,EXP,F
46,2019,2,02/06/2019,FB30034,M,475,46.2019,9,29,400,NO,NO,EXP,F
46,2019,3,11/06/2019,FB30047,F,475,46.2019,7,38,430,NO,NO,EXP,F
46,2019,4,25/06/2019,FB30047,F,485,46.2019,1,52,485,NO,NO,EXP,F
50,2015,0,10/05/2015,FB30390,M,470,50.2015,6,1,435,NO,NO,EXP,M
50,2015,0,16/05/2015,EX93544,F,410,50.2015,3,7,395,NO,NO,EXP,M
50,2015,1,19/05/2015,FB30390,M,495,50.2015,4,10,445,NO,NO,EXP,M
50,2015,1,23/05/2015,EX93544,F,400,50.2015,4,14,370,NO,NO,EXP,M
50,2015,2,27/05/2015,FB30390,M,450,50.2015,6,18,410,NO,NO,EXP,M
50,2015,2,02/06/2015,EX93544,F,415,50.2015,5,24,375,NO,NO,EXP,M
50,2015,3,07/06/2015,FB30390,M,475,50.2015,7,29,420,NO,NO,EXP,M
50,2015,3,14/06/2015,EX93544,F,410,50.2015,6,36,370,NO,NO,EXP,M
50,2015,4,20/06/2015,FB30390,M,500,50.2015,6,42,435,NO,NO,EXP,M
56,2016,0,02/06/2016,EK59618,M,485,56.2016,7,1,425,NO,NO,NEW,M
56,2016,0,09/06/2016,FB32304,F,460,56.2016,7,8,400,NO,NO,NEW,M
56,2016,1,16/06/2016,EK59618,M,500,56.2016,8,15,440,NO,NO,NEW,M
56,2019,0,12/05/2019,EK59618,M,415,56.2019,1,1,415,YES,NO,EXP,M
56,2019,1,14/05/2019,EK59618,M,450,56.2019,3,3,410,YES,YES,EXP,M
56,2019,2,20/05/2019,EK59618,M,475,56.2019,7,9,NA,NO,YES,EXP,M
6,2015,0,14/05/2015,FB32335,F,410,6.2015,1,1,410,NO,NO,EXP,F
6,2015,0,15/05/2015,FB32249,M,480,6.2015,4,2,435,NO,NO,EXP,F
6,2015,1,19/05/2015,FB32335,F,465,6.2015,3,6,435,NO,NO,EXP,F
6,2015,1,22/05/2015,FB32249,M,430,6.2015,5,9,405,NO,NO,EXP,F
6,2015,2,27/05/2015,FB32335,F,445,6.2015,8,14,390,NO,NO,EXP,F
6,2015,2,04/06/2015,FB32249,M,455,6.2015,9,22,385,NO,NO,EXP,F
6,2015,3,13/06/2015,FB32335,F,440,6.2015,8,31,365,NO,NO,EXP,F
6,2015,4,28/06/2015,FB32335,F,470,6.2015,6,46,405,NO,NO,EXP,F
64,2016,0,08/05/2016,EZ01933,M,495,64.2016,1,1,495,YES,NO,UNKNOWN,M
64,2016,1,13/05/2016,EZ01933,M,515,64.2016,2,6,485,NO,YES,UNKNOWN,M
64,2016,0,15/05/2016,EZ01958,F,430,64.2016,2,8,425,NO,NO,UNKNOWN,M
64,2016,2,18/05/2016,EZ01933,M,470,64.2016,5,11,425,NO,NO,UNKNOWN,M
64,2016,1,23/05/2016,EZ01958,F,425,64.2016,4,16,395,NO,NO,UNKNOWN,M
64,2016,3,28/05/2016,EZ01933,M,450,64.2016,8,21,370,YES,NO,UNKNOWN,M
64,2016,4,13/06/2016,EZ01933,M,480,64.2016,5,37,430,NO,NO,UNKNOWN,M
81,2018,0,17/05/2018,EK59658,M,470,81.2018,1,1,470,NO,NO,EXP,M
81,2018,0,18/05/2018,EZ72736,F,415,81.2018,2,2,405,NO,NO,EXP,M
81,2018,1,20/05/2018,EK59658,M,505,81.2018,3,4,470,NO,NO,EXP,M
81,2018,1,23/05/2018,EZ72736,F,410,81.2018,3,7,400,NO,NO,EXP,M
81,2018,2,26/05/2018,EK59658,M,490,81.2018,2,10,470,YES,NO,EXP,M
81,2018,3,30/05/2018,EK59658,M,430,81.2018,1,14,430,NO,YES,EXP,M
81,2018,2,31/05/2018,EZ72736,F,400,81.2018,7,15,345,NO,NO,EXP,M
81,2018,4,07/06/2018,EK59658,M,475,81.2018,9,22,385,NO,NO,EXP,M
81,2018,5,25/06/2018,EK59658,M,480,81.2018,1,40,480,NO,NO,EXP,M
88,2016,0,19/05/2016,EZ01652,F,490,88.2016,8,9,435,NO,NO,EXP,nostart
88,2016,0,27/05/2016,FB30521,M,485,88.2016,8,17,NA,NO,NO,EXP,nostart
88,2016,1,04/06/2016,EZ01652,F,470,88.2016,9,25,375,NO,NO,EXP,nostart
88,2016,1,13/06/2016,FB30521,M,485,88.2016,8,34,420,NO,NO,EXP,nostart
88,2016,2,21/06/2016,EZ01652,F,465,88.2016,6,42,410,NO,NO,EXP,nostart
88,2018,0,19/05/2018,EZ01652,F,425,88.2018,1,1,425,NO,NO,EXP,F
88,2018,0,19/05/2018,FB30521,M,440,88.2018,7,1,380,NO,NO,EXP,F
88,2018,1,26/05/2018,EZ01652,F,465,88.2018,8,8,400,NO,NO,EXP,F
88,2018,1,03/06/2018,FB30521,M,470,88.2018,8,16,405,NO,NO,EXP,F
88,2018,2,11/06/2018,EZ01652,F,465,88.2018,6,24,415,NO,NO,EXP,F
88,2018,2,17/06/2018,FB30521,M,465,88.2018,9,30,395,NO,NO,EXP,F
88,2018,3,26/06/2018,EZ01652,F,485,88.2018,7,39,420,NO,NO,EXP,F
89,2017,0,15/05/2017,EZ12773,M,NA,89.2017,7,9,NA,NO,NO,UNKNOWN,nostart
89,2017,0,22/05/2017,EZ72783,F,NA,89.2017,9,16,NA,NO,NO,UNKNOWN,nostart
89,2017,1,31/05/2017,EZ12773,M,NA,89.2017,9,25,NA,NO,NO,UNKNOWN,nostart
89,2017,1,09/06/2017,EZ72783,F,NA,89.2017,4,34,NA,NO,NO,UNKNOWN,nostart
89,2017,2,13/06/2017,EZ12773,M,NA,89.2017,1,38,NA,NO,NO,UNKNOWN,nostart
9,2016,0,03/05/2016,EX93810,F,410,9.2016,6,1,365,NO,NO,EXP,F
9,2016,0,09/05/2016,EX93845,M,525,9.2016,7,7,484,NO,NO,EXP,F
9,2016,1,16/05/2016,EX93810,F,460,9.2016,4,14,430,NO,NO,EXP,F
9,2016,1,20/05/2016,EX93845,M,520,9.2016,3,18,510,NO,NO,EXP,F
9,2016,2,23/05/2016,EX93810,F,430,9.2016,3,21,410,NO,NO,EXP,F
9,2016,2,26/05/2016,EX93845,M,510,9.2016,9,24,470,NO,NO,EXP,F
9,2016,3,04/06/2016,EX93810,F,430,9.2016,11,33,350,NO,NO,EXP,F
9,2016,4,23/06/2016,EX93810,F,440,9.2016,1,52,440,NO,NO,EXP,F
95,2015,0,27/04/2015,EZ01635,F,415,95.2015,1,1,415,NO,NO,NEW,F
95,2015,0,28/04/2015,FB32284,M,410,95.2015,8,2,360,NO,NO,NEW,F
95,2015,1,06/05/2015,EZ01635,F,475,95.2015,7,10,420,NO,NO,NEW,F
95,2015,1,13/05/2015,FB32284,M,465,95.2015,8,17,400,NO,NO,NEW,F
95,2015,2,21/05/2015,EZ01635,F,490,95.2015,7,25,420,NO,NO,NEW,F
95,2015,2,28/05/2015,FB32284,M,455,95.2015,10,32,375,NO,NO,NEW,F
95,2015,3,07/06/2015,EZ01635,F,455,95.2015,7,42,425,NO,NO,NEW,F
95,2019,0,10/05/2019,EZ01635,F,405,95.2019,3,1,370,NO,NO,EXP,F
95,2019,0,13/05/2019,FB30522,M,465,95.2019,12,4,380,NO,NO,EXP,F
95,2019,1,25/05/2019,EZ01635,F,470,95.2019,7,16,405,NO,NO,EXP,F
95,2019,1,01/06/2019,FB30522,M,470,95.2019,8,23,415,NO,NO,EXP,F
95,2019,2,09/06/2019,EZ01635,F,425,95.2019,8,31,355,NO,NO,EXP,F
95,2019,3,28/06/2019,EZ01635,F,465,95.2019,3,50,445,NO,NO,EXP,F
98,2017,0,13/05/2017,EZ01870,M,NA,98.2017,4,1,NA,YES,NO,EXP,M
98,2017,0,24/05/2017,EZ01871,F,NA,98.2017,4,12,NA,NO,YES,EXP,M
98,2017,1,28/05/2017,EZ01870,M,NA,98.2017,4,16,NA,NO,NO,EXP,M
98,2017,1,01/06/2017,EZ01871,F,NA,98.2017,5,20,NA,YES,NO,EXP,M
98,2017,2,07/06/2017,EZ01870,M,NA,98.2017,6,26,NA,YES,YES,EXP,M
98,2017,2,15/06/2017,EZ01871,F,NA,98.2017,4,34,NA,NO,YES,EXP,M
98,2017,3,21/06/2017,EZ01870,M,NA,98.2017,1,40,NA,NO,YES,EXP,M
DB1,2019,0,05/05/2019,EZ01790,M,480,DB1.2019,5,1,435,NO,NO,EXP,M
DB1,2019,0,10/05/2019,EZ01604,F,445,DB1.2019,4,6,415,NO,NO,EXP,M
DB1,2019,1,14/05/2019,EZ01790,M,455,DB1.2019,5,10,420,NO,NO,EXP,M
DB1,2019,1,19/05/2019,EZ01604,F,445,DB1.2019,5,15,415,NO,NO,EXP,M
DB1,2019,2,24/05/2019,EZ01790,M,475,DB1.2019,6,20,425,NO,NO,EXP,M
DB10,2015,0,15/05/2015,EX41735,M,435,DB10.2015,2,1,420,NO,NO,EXP,M
DB10,2015,0,17/05/2015,FB30125,F,405,DB10.2015,3,3,390,NO,NO,EXP,M
DB10,2015,1,20/05/2015,EX41735,M,440,DB10.2015,4,6,405,NO,NO,EXP,M
DB10,2015,1,24/05/2015,FB30125,F,405,DB10.2015,5,10,365,NO,NO,EXP,M
DB10,2015,2,29/05/2015,EX41735,M,435,DB10.2015,4,15,415,NO,NO,EXP,M
DB10,2015,3,07/06/2015,EX41735,M,445,DB10.2015,5,24,415,NO,NO,EXP,M
DB11,2015,0,16/05/2015,EX41787,F,415,DB11.2015,2,1,405,NO,NO,EXP,F
DB11,2015,0,18/05/2015,EX41736,M,470,DB11.2015,6,3,425,NO,NO,EXP,F
DB11,2015,1,24/05/2015,EX41787,F,450,DB11.2015,7,9,415,NO,NO,EXP,F
DB11,2015,1,31/05/2015,EX41736,M,470,DB11.2015,8,16,410,NO,NO,EXP,F
DB11,2015,2,08/06/2015,EX41787,F,465,DB11.2015,8,24,395,YES,NO,EXP,F
DB11,2015,2,17/06/2015,EX41736,M,475,DB11.2015,8,33,420,NO,YES,EXP,F
DB11,2015,3,25/06/2015,EX41787,F,455,DB11.2015,6,41,420,NO,NO,EXP,F
DB14,2016,0,09/05/2016,EX41737,F,435,DB14.2016,1,1,435,NO,NO,UNKNOWN,F
DB14,2016,0,10/05/2016,EX41743,M,425,DB14.2016,2,2,410,NO,NO,UNKNOWN,F
DB14,2016,1,13/05/2016,EX41743,M,390,DB14.2016,4,5,375,NO,NO,UNKNOWN,F
DB14,2016,1,17/05/2016,EX41737,F,425,DB14.2016,7,9,395,NO,NO,UNKNOWN,F
DB14,2016,2,24/05/2016,EX41743,M,460,DB14.2016,6,16,415,NO,NO,UNKNOWN,F
DB14,2016,2,30/05/2016,EX41737,F,445,DB14.2016,6,22,390,NO,NO,UNKNOWN,F
DB14,2016,3,05/06/2016,EX41743,M,440,DB14.2016,10,28,355,NO,NO,UNKNOWN,F
DB14,2016,3,15/06/2016,EX41737,F,400,DB14.2016,1,38,400,YES,NO,UNKNOWN,F
DB14,2016,4,17/06/2016,EX41737,F,380,DB14.2016,1,40,380,YES,YES,UNKNOWN,F
DB14,2016,4,22/06/2016,EX41743,M,445,DB14.2016,1,45,445,YES,YES,UNKNOWN,F
DB14,2016,5,27/06/2016,EX41737,F,375,DB14.2016,1,50,375,NO,YES,UNKNOWN,F
DB14,2016,5,27/06/2016,EX41743,M,410,DB14.2016,1,50,410,YES,NO,UNKNOWN,F
DB14,2016,6,29/06/2016,EX41737,F,365,DB14.2016,1,52,365,NO,YES,UNKNOWN,F
db15,2016,0,07/06/2016,EZ01965,M,475,db15.2016,6,1,425,NO,NO,NEW,M
db15,2016,0,13/06/2016,EY07273,F,440,db15.2016,5,7,410,NO,NO,NEW,M
db15,2016,1,18/06/2016,EZ01965,M,485,db15.2016,8,12,420,NO,NO,NEW,M
db15,2016,1,26/06/2016,EY07273,F,475,db15.2016,10,20,375,NO,NO,NEW,M
db15,2016,2,06/07/2016,EZ01965,M,490,db15.2016,8,30,415,NO,NO,NEW,M
DB15,2019,0,14/05/2019,EK59932,F,NA,DB15.2019,4,1,455,YES,NO,EXP,F
DB15,2019,1,19/05/2019,EK59932,F,435,DB15.2019,1,6,435,NO,YES,EXP,F
DB15,2019,0,20/05/2019,EZ01668,M,445,DB15.2019,4,7,385,NO,NO,EXP,F
DB15,2019,2,24/05/2019,EK59932,F,475,DB15.2019,6,11,405,NO,NO,EXP,F
DB15,2019,1,30/05/2019,EZ01668,M,425,DB15.2019,10,17,330,NO,NO,EXP,F
DB15,2019,3,09/06/2019,EK59932,F,435,DB15.2019,9,27,370,NO,NO,EXP,F
DB15,2019,2,18/06/2019,EZ01668,M,445,DB15.2019,6,36,390,NO,NO,EXP,F
DB15,2019,4,24/06/2019,EK59932,F,465,DB15.2019,8,42,370,NO,NO,EXP,F
DB16,2015,0,31/05/2015,EK59738,M,420,DB16.2015,4,1,405,NO,NO,NEW,M
DB16,2015,0,04/06/2015,EX41791,F,425,DB16.2015,1,5,425,NO,NO,NEW,M
DB16,2015,1,05/06/2015,EK59738,M,395,DB16.2015,4,6,370,NO,NO,NEW,M
DB16,2017,0,15/05/2017,EK59738,M,NA,DB16.2017,4,3,NA,NO,NO,EXP,nostart
DB16,2017,0,19/05/2017,EX41791,F,NA,DB16.2017,2,7,NA,YES,NO,EXP,nostart
DB16,2017,1,05/06/2017,EX41791,F,NA,DB16.2017,2,24,NA,YES,YES,EXP,nostart
DB16,2017,1,13/06/2017,EK59738,M,NA,DB16.2017,1,32,NA,YES,YES,EXP,nostart
DB18,2018,0,11/05/2018,EX41756,M,415,DB18.2018,1,1,415,NO,NO,EXP,M
DB18,2018,0,12/05/2018,EZ72866,F,375,DB18.2018,4,2,345,NO,NO,EXP,M
DB18,2018,1,16/05/2018,EX41756,M,480,DB18.2018,5,6,445,NO,NO,EXP,M
DB18,2018,1,21/05/2018,EZ72866,F,410,DB18.2018,6,11,375,NO,NO,EXP,M
DB18,2018,2,27/05/2018,EX41756,M,480,DB18.2018,9,17,405,NO,NO,EXP,M
DB18,2018,3,11/06/2018,EX41756,M,485,DB18.2018,2,32,475,NO,NO,EXP,M
DB19,2016,0,07/05/2016,EZ01948,F,375,DB19.2016,1,1,375,NO,NO,UNKNOWN,F
DB19,2016,0,08/05/2016,EJ47567,M,415,DB19.2016,5,2,380,NO,NO,UNKNOWN,F
DB19,2016,1,13/05/2016,EZ01948,F,405,DB19.2016,5,7,355,NO,NO,UNKNOWN,F
DB19,2016,1,18/05/2016,EJ47567,M,445,DB19.2016,4,12,415,YES,NO,UNKNOWN,F
DB19,2016,2,23/05/2016,EJ47567,M,375,DB19.2016,2,17,375,NO,YES,UNKNOWN,F
DB19,2016,2,25/05/2016,EZ01948,F,405,DB19.2016,4,19,375,NO,NO,UNKNOWN,F
DB19,2016,3,29/05/2016,EJ47567,M,440,DB19.2016,4,23,395,NO,NO,UNKNOWN,F
DB19,2016,3,02/06/2016,EZ01948,F,410,DB19.2016,5,27,355,NO,NO,UNKNOWN,F
DB19,2016,4,07/06/2016,EJ47567,M,435,DB19.2016,5,32,NA,NO,NO,UNKNOWN,F
DB19,2016,4,12/06/2016,EZ01948,F,400,DB19.2016,3,37,375,NO,NO,UNKNOWN,F
DB19,2016,5,15/06/2016,EJ47567,M,455,DB19.2016,3,40,420,NO,NO,UNKNOWN,F
DB19,2016,5,18/06/2016,EZ01948,F,385,DB19.2016,4,43,345,NO,NO,UNKNOWN,F
DB20,2019,0,13/05/2019,EX41732,M,405,DB20.2019,2,1,385,NO,NO,NEW,M
DB20,2019,0,13/05/2019,EZ72855,F,385,DB20.2019,1,1,385,NO,NO,NEW,M
DB20,2019,1,15/05/2019,EZ72855,F,390,DB20.2019,3,3,380,YES,NO,NEW,M
DB20,2019,2,20/05/2019,EZ72855,F,395,DB20.2019,1,8,395,NO,YES,NEW,M
DB20,2019,1,21/05/2019,EX41732,M,430,DB20.2019,4,9,395,NO,NO,NEW,M
DB20,2019,3,25/05/2019,EZ72855,F,335,DB20.2019,1,13,335,YES,NO,NEW,M
DB20,2019,2,27/05/2019,EX41732,M,405,DB20.2019,4,15,355,YES,YES,NEW,M
DB20,2019,4,28/05/2019,EZ72855,F,355,DB20.2019,1,16,355,NO,NO,NEW,M
DB20,2019,5,01/06/2019,EZ72855,F,365,DB20.2019,1,20,365,NO,YES,NEW,M
DB20,2019,3,02/06/2019,EX41732,M,400,DB20.2019,1,21,400,YES,NO,NEW,M
DB20,2019,4,06/06/2019,EX41732,M,420,DB20.2019,5,25,375,YES,YES,NEW,M
DB20,2019,5,13/06/2019,EX41732,M,460,DB20.2019,7,32,385,YES,YES,NEW,M
DB20,2019,6,25/06/2019,EX41732,M,390,DB20.2019,1,44,390,YES,YES,NEW,M
DB26,2019,0,19/05/2019,EZ01936,F,405,DB26.2019,3,1,385,NO,NO,EXP,F
DB26,2019,0,22/05/2019,FB30537,M,425,DB26.2019,5,4,370,NO,NO,EXP,F
DB26,2019,1,27/05/2019,EZ01936,F,440,DB26.2019,5,9,400,NO,NO,EXP,F
DB26,2019,1,01/06/2019,FB30537,M,475,DB26.2019,7,14,400,NO,NO,EXP,F
DB26,2019,2,08/06/2019,EZ01936,F,445,DB26.2019,5,21,410,NO,NO,EXP,F
DB26,2019,2,13/06/2019,FB30537,M,500,DB26.2019,8,26,395,NO,NO,EXP,F
DB26,2019,3,21/06/2019,EZ01936,F,455,DB26.2019,7,34,410,YES,NO,EXP,F
DB26,2019,3,29/06/2019,FB30537,M,470,DB26.2019,2,42,460,NO,YES,EXP,F
DB26,2019,4,01/07/2019,EZ01936,F,445,DB26.2019,1,44,445,NO,NO,EXP,F
DB26,2019,5,05/07/2019,EZ01936,F,450,DB26.2019,3,48,420,NO,NO,EXP,F
DB27,2018,0,09/05/2018,EX41780,M,480,DB27.2018,7,1,425,NO,NO,EXP,M
DB27,2018,0,16/05/2018,EZ72750,F,460,DB27.2018,6,8,415,NO,NO,EXP,M
DB27,2018,1,22/05/2018,EX41780,M,465,DB27.2018,7,14,405,NO,NO,EXP,M
DB27,2018,1,29/05/2018,EZ72750,F,435,DB27.2018,6,21,390,NO,NO,EXP,M
DB27,2018,2,04/06/2018,EX41780,M,480,DB27.2018,8,27,405,NO,NO,EXP,M
DB27,2018,3,19/06/2018,EX41780,M,485,DB27.2018,8,42,400,NO,NO,EXP,M
DB27,2019,0,26/04/2019,EZ72750,F,355,DB27.2019,2,1,355,NO,NO,EXP,F
DB27,2019,0,28/04/2019,EX41780,M,480,DB27.2019,8,3,420,NO,NO,EXP,F
DB27,2019,1,06/05/2019,EZ72750,F,435,DB27.2019,10,11,NA,NO,NO,EXP,F
DB27,2019,1,16/05/2019,EX41780,M,510,DB27.2019,8,21,430,NO,NO,EXP,F
DB27,2019,2,24/05/2019,EZ72750,F,465,DB27.2019,6,29,415,NO,NO,EXP,F
DB27,2019,2,30/05/2019,EX41780,M,480,DB27.2019,6,35,440,NO,NO,EXP,F
DB27,2019,3,05/06/2019,EZ72750,F,450,DB27.2019,6,41,400,NO,NO,EXP,F
DB28,2018,0,16/05/2018,EX41749,M,450,DB28.2018,4,1,405,NO,NO,NEW,M
DB28,2018,0,20/05/2018,EZ88882,F,440,DB28.2018,5,5,420,NO,NO,NEW,M
DB28,2018,1,25/05/2018,EX41749,M,475,DB28.2018,6,10,405,NO,NO,NEW,M
DB28,2018,1,31/05/2018,EZ88882,F,475,DB28.2018,7,16,435,NO,NO,NEW,M
DB28,2018,2,07/06/2018,EX41749,M,475,DB28.2018,9,23,385,NO,NO,NEW,M
DB28,2018,2,16/06/2018,EZ88882,F,460,DB28.2018,9,32,415,NO,NO,NEW,M
DB28,2018,3,25/06/2018,EX41749,M,440,DB28.2018,9,41,390,NO,NO,NEW,M
DB30,2016,0,06/05/2016,EK59686,F,360,DB30.2016,1,1,360,NO,NO,UNKNOWN,F
DB30,2016,0,07/05/2016,EX41784,M,510,DB30.2016,2,2,480,NO,NO,UNKNOWN,F
DB30,2016,1,09/05/2016,EK59686,F,455,DB30.2016,4,4,415,NO,NO,UNKNOWN,F
DB30,2016,1,13/05/2016,EX41784,M,470,DB30.2016,5,8,420,NO,NO,UNKNOWN,F
DB30,2016,2,18/05/2016,EK59686,F,495,DB30.2016,8,13,405,NO,NO,UNKNOWN,F
DB30,2016,2,26/05/2016,EX41784,M,535,DB30.2016,8,21,440,NO,NO,UNKNOWN,F
DB30,2016,3,03/06/2016,EK59686,F,455,DB30.2016,8,29,390,NO,NO,UNKNOWN,F
DB30,2016,3,11/06/2016,EX41784,M,515,DB30.2016,5,37,465,NO,NO,UNKNOWN,F
DB30,2016,4,16/06/2016,EK59686,F,460,DB30.2016,8,42,430,NO,NO,UNKNOWN,F
DB33,2015,0,17/05/2015,FB20883,F,385,DB33.2015,6,1,340,NO,NO,EXP,F
DB33,2015,0,23/05/2015,EX41793,M,440,DB33.2015,6,7,365,NO,NO,EXP,F
DB33,2015,1,29/05/2015,FB20883,F,425,DB33.2015,8,13,355,NO,NO,EXP,F
DB33,2015,1,06/06/2015,EX41793,M,455,DB33.2015,8,21,375,NO,NO,EXP,F
DB33,2015,2,14/06/2015,FB20883,F,450,DB33.2015,5,29,400,NO,NO,EXP,F
DB33,2015,2,19/06/2015,EX41793,M,465,DB33.2015,7,34,390,NO,NO,EXP,F
DB33,2015,3,26/06/2015,FB20883,F,430,DB33.2015,4,41,390,NO,NO,EXP,F
DB33,2015,4,05/07/2015,FB20883,F,440,DB33.2015,3,50,425,NO,YES,EXP,F
DB33,2019,0,08/05/2019,EX41793,M,470,DB33.2019,2,1,460,NO,NO,EXP,M
DB33,2019,0,10/05/2019,FB20883,F,400,DB33.2019,5,3,340,NO,NO,EXP,M
DB33,2019,1,15/05/2019,EX41793,M,450,DB33.2019,6,8,415,NO,NO,EXP,M
DB33,2019,1,21/05/2019,FB20883,F,440,DB33.2019,12,14,330,NO,NO,EXP,M
DB33,2019,2,02/06/2019,EX41793,M,455,DB33.2019,7,26,410,NO,NO,EXP,M
DB33,2019,2,09/06/2019,FB20883,F,455,DB33.2019,7,33,390,NO,NO,EXP,M
DB33,2019,3,16/06/2019,EX41793,M,470,DB33.2019,7,40,415,NO,NO,EXP,M
DB4,2016,0,13/05/2016,EX41740,F,425,DB4.2016,4,1,390,NO,NO,EXP,F
DB4,2016,0,17/05/2016,EY07280,M,440,DB4.2016,5,5,410,NO,NO,EXP,F
DB4,2016,1,22/05/2016,EX41740,F,445,DB4.2016,8,10,390,NO,NO,EXP,F
DB4,2016,1,30/05/2016,EY07280,M,460,DB4.2016,7,18,425,NO,NO,EXP,F
DB4,2016,2,06/06/2016,EX41740,F,445,DB4.2016,8,25,375,NO,NO,EXP,F
DB4,2016,3,22/06/2016,EX41740,F,450,DB4.2016,10,41,365,NO,NO,EXP,F
DB4,2018,0,15/05/2018,EX41740,F,395,DB4.2018,1,1,395,NO,NO,EXP,F
DB4,2018,0,15/05/2018,EY07280,M,430,DB4.2018,5,1,390,NO,NO,EXP,F
DB4,2018,1,20/05/2018,EX41740,F,455,DB4.2018,7,6,385,NO,NO,EXP,F
DB4,2018,1,27/05/2018,EY07280,M,430,DB4.2018,6,13,395,NO,NO,EXP,F
DB4,2018,2,02/06/2018,EX41740,F,430,DB4.2018,6,19,385,NO,NO,EXP,F
DB4,2018,2,08/06/2018,EY07280,M,445,DB4.2018,6,25,410,NO,NO,EXP,F
DB4,2018,3,14/06/2018,EX41740,F,450,DB4.2018,8,31,380,NO,NO,EXP,F
DB4,2018,4,30/06/2018,EX41740,F,440,DB4.2018,5,47,405,NO,NO,EXP,F
DB43,2015,0,26/05/2015,EX83006,F,375,DB43.2015,1,1,375,NO,NO,EXP,F
DB43,2015,0,27/05/2015,FB32319,M,470,DB43.2015,9,2,380,NO,NO,EXP,F
DB43,2015,1,05/06/2015,EX83006,F,445,DB43.2015,8,11,390,NO,NO,EXP,F
DB43,2015,2,23/06/2015,EX83006,F,450,DB43.2015,6,29,NA,NO,NO,EXP,F
DB43,2019,0,19/05/2019,EZ01965,M,395,DB43.2019,1,1,395,NO,NO,NEW,M
DB43,2019,0,19/05/2019,EZ72723,F,390,DB43.2019,1,1,390,NO,NO,NEW,M
DB43,2019,0,20/05/2019,FB32319,M,480,DB43.2019,2,2,465,NO,NO,NEW,M
DB43,2019,1,22/05/2019,EZ72723,F,410,DB43.2019,3,4,380,NO,NO,NEW,M
DB43,2019,1,25/05/2019,FB32319,M,460,DB43.2019,4,7,435,NO,NO,NEW,M
DB43,2019,2,29/05/2019,EZ72723,F,430,DB43.2019,4,11,400,NO,NO,NEW,M
DB43,2019,2,02/06/2019,FB32319,M,450,DB43.2019,3,15,430,NO,NO,NEW,M
DB43,2019,3,05/06/2019,EZ72723,F,425,DB43.2019,5,18,NA,NO,NO,NEW,M
DB43,2019,3,09/06/2019,FB32319,M,450,DB43.2019,6,22,415,NO,NO,NEW,M
DB43,2019,4,15/06/2019,EZ72723,F,420,DB43.2019,8,28,355,NO,NO,NEW,M
DB43,2019,4,23/06/2019,FB32319,M,465,DB43.2019,6,36,405,NO,NO,NEW,M
DB43,2019,5,29/06/2019,EZ72723,F,425,DB43.2019,7,42,375,NO,NO,NEW,M
DB8,2016,0,08/05/2016,EX41733,F,360,DB8.2016,1,1,360,YES,NO,EXP,F
DB8,2016,0,12/05/2016,EX41734,M,515,DB8.2016,4,5,490,NO,YES,EXP,F
DB8,2016,1,16/05/2016,EX41733,F,475,DB8.2016,4,9,425,NO,NO,EXP,F
DB8,2016,1,20/05/2016,EX41734,M,505,DB8.2016,5,13,465,NO,NO,EXP,F
DB8,2016,2,25/05/2016,EX41733,F,445,DB8.2016,7,18,380,NO,NO,EXP,F
DB8,2016,3,15/06/2016,EX41733,F,430,DB8.2016,4,39,380,NO,NO,EXP,F
DB8,2019,0,08/05/2019,EX41734,M,535,DB8.2019,6,1,460,NO,NO,EXP,M
DB8,2019,0,14/05/2019,EX41733,F,440,DB8.2019,3,7,410,NO,NO,EXP,M
DB8,2019,1,17/05/2019,EX41734,M,500,DB8.2019,5,10,455,NO,NO,EXP,M
DB8,2019,1,22/05/2019,EX41733,F,425,DB8.2019,5,15,390,NO,NO,EXP,M
DB8,2019,2,27/05/2019,EX41734,M,520,DB8.2019,5,20,470,NO,NO,EXP,M
DB8,2019,2,01/06/2019,EX41733,F,430,DB8.2019,4,25,400,NO,NO,EXP,M
DB8,2019,3,05/06/2019,EX41734,M,485,DB8.2019,5,29,435,NO,NO,EXP,M
DB8,2019,3,10/06/2019,EX41733,F,430,DB8.2019,6,34,375,NO,NO,EXP,M
DB8,2019,4,16/06/2019,EX41734,M,475,DB8.2019,5,40,440,NO,NO,EXP,M
