burrow,year,stintID,ring,sex,start_mass,DSL,foragetrip,partnerincoming,exp
111,2017,0,EX93803,F,NA,16,6,NA,UNKNOWN
111,2017,1,EX93803,F,NA,32,5,NA,UNKNOWN
111,2017,0,EZ01641,M,NA,10,6,NA,UNKNOWN
111,2017,1,EZ01641,M,NA,22,10,NA,UNKNOWN
111,2017,2,EZ01641,M,NA,37,8,NA,UNKNOWN
120,2015,1,FB30024,F,410,14,7,435,EXP
120,2015,0,FB30098,M,400,8,6,480,EXP
120,2015,0,FB30024,F,390,1,7,NA,EXP
120,2015,3,FB30024,F,375,40,8,455,EXP
120,2015,1,FB30098,M,370,21,4,410,EXP
120,2015,2,FB30098,M,365,33,7,435,EXP
120,2015,2,FB30024,F,385,25,8,430,EXP
123,2016,1,FB32205,M,405,30,10,450,NEW
123,2016,2,EY07291,F,370,40,7,480,NEW
123,2016,0,EY07291,F,310,11,7,NA,NEW
123,2016,0,FB32205,M,410,18,6,440,NEW
123,2016,1,EY07291,F,390,24,6,450,NEW
129,2016,6,EY07295,M,435,46,5,455,EXP
129,2016,4,EY07295,M,390,32,2,390,EXP
129,2016,5,EY07295,M,415,35,6,415,EXP
129,2016,0,EX93991,F,440,9,6,470,EXP
129,2016,1,EY07295,M,435,4,5,435,EXP
129,2016,0,EY07295,M,425,2,1,NA,EXP
129,2016,1,EX93991,F,430,21,14,450,EXP
129,2016,2,EX93991,F,380,41,5,490,EXP
129,2016,3,EY07295,M,365,30,1,415,EXP
129,2016,2,EY07295,M,370,15,6,475,EXP
129,2017,2,EY07395,M,NA,32,6,NA,UNKNOWN
129,2017,1,EY07395,M,NA,18,7,NA,UNKNOWN
129,2017,0,EX93991,F,NA,11,7,NA,UNKNOWN
129,2017,1,EX93991,F,NA,25,7,NA,UNKNOWN
129,2017,0,EY07395,M,NA,6,5,NA,UNKNOWN
130,2015,2,EL60658,M,400,31,10,475,UNKNOWN
130,2015,1,EL60762,F,335,22,9,475,UNKNOWN
130,2015,0,EL60658,M,465,1,3,NA,UNKNOWN
130,2015,1,EL60658,M,390,13,9,420,UNKNOWN
130,2015,0,EL60762,F,370,4,9,475,UNKNOWN
130,2015,2,EL60762,F,365,41,8,485,UNKNOWN
130,2017,0,EZ72881,F,NA,31,7,NA,UNKNOWN
130,2017,0,FB32246,M,NA,22,9,NA,UNKNOWN
130,2017,1,FB32246,M,NA,37,11,NA,UNKNOWN
132,2019,5,FB32329,F,400,30,5,400,EXP
132,2019,3,EZ88864,M,450,22,13,430,EXP
132,2019,4,FB32329,F,385,25,4,410,EXP
132,2019,0,EZ88864,M,430,4,5,460,EXP
132,2019,0,FB32329,F,430,1,3,NA,EXP
132,2019,1,EZ88864,M,465,11,7,435,EXP
132,2019,2,FB32329,F,415,9,7,425,EXP
132,2019,2,EZ88864,M,435,19,2,435,EXP
132,2019,3,FB32329,F,390,21,1,450,EXP
132,2019,1,FB32329,F,460,5,1,480,EXP
135,2019,1,FB30681,F,465,11,6,470,EXP
135,2019,3,FB32330,M,365,46,6,490,EXP
135,2019,2,FB30681,F,410,24,6,475,EXP
135,2019,1,FB32330,M,430,17,7,470,EXP
135,2019,3,FB30681,F,425,37,9,445,EXP
135,2019,2,FB32330,M,425,30,7,460,EXP
135,2019,0,FB32330,M,410,6,5,485,EXP
135,2019,0,FB30681,F,455,1,5,NA,EXP
139,2015,0,FB30303,M,380,5,6,NA,EXP
139,2015,0,EX93603,F,465,11,7,430,EXP
14,2017,1,EL60769,M,NA,23,24,NA,EXP
14,2017,0,FB30109,F,NA,19,4,NA,EXP
14,2017,0,EL60769,M,NA,12,7,NA,EXP
140,2015,0,FB30072,M,455,7,6,NA,EXP
140,2015,1,FB30072,M,425,19,1,440,EXP
140,2015,0,EX93604,F,400,13,10,495,EXP
140,2015,2,FB30072,M,440,23,8,445,EXP
140,2016,2,EK93604,F,395,32,7,500,UNKNOWN
140,2016,1,FB30072,M,430,25,7,445,UNKNOWN
140,2016,0,FB30072,M,440,11,7,490,UNKNOWN
140,2016,2,FB30072,M,470,39,7,455,UNKNOWN
140,2016,1,EK93604,F,440,18,7,455,UNKNOWN
140,2016,0,EK93604,F,375,3,8,NA,UNKNOWN
145,2016,0,EZ01622,M,385,8,4,NA,EXP
145,2016,2,EX93861,F,360,37,8,440,EXP
145,2016,2,EZ01622,M,410,25,12,455,EXP
145,2016,0,EX93861,F,465,12,3,480,EXP
145,2016,1,EZ01622,M,465,15,3,450,EXP
145,2016,1,EX93861,F,430,18,7,470,EXP
147,2017,1,FB30504,M,NA,23,6,NA,NEW
147,2017,2,FB30504,M,NA,37,9,NA,NEW
147,2017,1,FB32172,F,NA,29,8,NA,NEW
147,2017,0,FB32172,F,NA,17,6,NA,NEW
147,2017,0,FB30504,M,NA,13,4,NA,NEW
15,2017,0,EB52885,M,NA,4,5,NA,NEW
15,2017,0,EY07369,F,NA,9,3,NA,NEW
15,2017,2,EB52885,M,NA,23,8,NA,NEW
15,2017,2,EY07369,F,NA,31,9,NA,NEW
15,2017,1,EB52885,M,NA,12,5,NA,NEW
15,2017,1,EY07369,F,NA,17,6,NA,NEW
150,2019,2,EX93815,M,400,33,8,435,UNKNOWN
150,2019,0,EX93849,F,380,9,6,455,UNKNOWN
150,2019,0,EX93815,M,440,3,6,NA,UNKNOWN
150,2019,1,EX93849,F,355,26,7,445,UNKNOWN
150,2019,1,EX93815,M,NA,15,11,430,UNKNOWN
150,2019,2,EX93849,F,390,41,9,470,UNKNOWN
151,2016,2,FB24525,F,395,28,6,460,EXP
151,2016,0,FB30392,M,470,3,2,NA,EXP
151,2016,0,FB24525,F,400,5,5,480,EXP
151,2016,1,FB30392,M,440,10,4,415,EXP
151,2016,1,FB24525,F,390,14,8,505,EXP
151,2016,3,FB30392,M,395,34,7,425,EXP
151,2016,2,FB30392,M,420,22,6,440,EXP
151,2017,1,FB24525,F,NA,29,7,NA,EXP
151,2017,0,FB30392,M,NA,21,8,NA,EXP
151,2017,1,FB30392,M,NA,36,5,NA,EXP
151,2017,2,FB24525,F,NA,41,7,NA,EXP
151,2017,0,FB24525,F,NA,14,7,NA,EXP
158,2019,2,EK59614,F,400,17,6,450,EXP
158,2019,1,EZ88854,M,455,9,2,455,EXP
158,2019,0,EK59614,F,480,1,4,NA,EXP
158,2019,1,EK59614,F,410,11,3,460,EXP
158,2019,4,EK59614,F,425,47,1,410,EXP
158,2019,3,EZ88854,M,405,23,4,490,EXP
158,2019,6,EZ88854,M,385,45,2,385,EXP
158,2019,4,EZ88854,M,435,28,3,435,EXP
158,2019,5,EZ88854,M,360,43,1,435,EXP
158,2019,2,EZ88854,M,445,14,3,425,EXP
158,2019,3,EK59614,F,390,31,14,455,EXP
158,2019,0,EZ88854,M,410,5,3,480,EXP
159,2016,0,EZ01946,F,430,1,9,NA,NEW
159,2016,1,EZ01946,F,405,16,9,450,NEW
159,2016,0,EX93860,M,395,10,6,460,NEW
159,2016,1,EX93860,M,395,25,12,450,NEW
161,2019,2,EX93859,M,385,16,1,385,NEW
161,2019,3,EZ72789,F,390,37,8,410,NEW
161,2019,2,EZ72789,F,360,24,7,390,NEW
161,2019,0,EX93859,M,370,2,8,NA,NEW
161,2019,4,EX93859,M,360,22,2,420,NEW
161,2019,5,EX93859,M,390,25,3,455,NEW
161,2019,9,EX93859,M,395,40,5,395,NEW
161,2019,8,EX93859,M,410,38,1,425,NEW
161,2019,7,EX93859,M,355,34,3,410,NEW
161,2019,10,EX93859,M,365,47,3,375,NEW
161,2019,1,EZ72789,F,365,20,1,360,NEW
161,2019,0,EZ72789,F,325,5,8,390,NEW
161,2019,3,EX93859,M,375,18,3,375,NEW
161,2019,1,EX93859,M,375,12,3,435,NEW
161,2019,4,EZ72789,F,410,47,1,405,NEW
161,2019,6,EX93859,M,400,29,1,400,NEW
163,2016,0,EZ01934,M,400,11,5,400,UNKNOWN
163,2016,0,EZ01950,F,330,3,2,NA,UNKNOWN
163,2016,1,EZ01934,M,NA,17,9,360,UNKNOWN
163,2016,1,EZ01950,F,375,6,5,375,UNKNOWN
163,2016,2,EZ01950,F,370,16,9,NA,UNKNOWN
163,2016,3,EZ01950,F,360,26,5,365,UNKNOWN
165,2017,0,EZ72785,M,NA,23,5,NA,UNKNOWN
165,2017,1,EZ72785,M,NA,35,6,NA,UNKNOWN
165,2017,0,FB30677,F,NA,16,7,NA,UNKNOWN
165,2017,1,FB30677,F,NA,28,7,NA,UNKNOWN
167,2016,1,EK59739,M,485,21,7,395,NEW
167,2016,0,EZ01653,F,380,17,4,480,NEW
167,2016,1,EZ01653,F,335,28,8,470,NEW
167,2016,0,EK59739,M,430,13,4,NA,NEW
16L,2017,2,FB32297,M,NA,27,1,NA,EXP
16L,2017,0,FB30568,F,NA,12,7,NA,EXP
16L,2017,1,FB30568,F,NA,23,9,NA,EXP
16L,2017,3,FB32297,M,NA,29,4,NA,EXP
16L,2017,1,FB32297,M,NA,19,4,NA,EXP
16L,2017,0,FB32297,M,NA,9,3,NA,EXP
171,2015,0,EK59706,F,330,16,7,460,EXP
171,2015,2,EK59706,F,360,43,6,465,EXP
171,2015,0,EX93918,M,385,7,9,NA,EXP
171,2015,1,EX93918,M,395,23,6,440,EXP
171,2015,2,EX93918,M,420,36,7,425,EXP
171,2015,1,EK59706,F,385,29,7,470,EXP
175,2015,0,EX93922,M,395,9,8,425,EXP
175,2015,0,EB52820,F,335,4,5,NA,EXP
175,2015,1,EX93922,M,385,25,9,415,EXP
175,2015,2,EB52820,F,330,34,8,465,EXP
175,2015,1,EB52820,F,355,17,8,460,EXP
18,2016,0,EZ01960,F,410,18,8,465,UNKNOWN
18,2016,2,EY07289,M,360,44,6,450,UNKNOWN
18,2016,0,EY07289,M,380,10,8,NA,UNKNOWN
18,2016,1,EY07289,M,395,26,9,450,UNKNOWN
18,2016,1,EZ01960,F,375,35,9,445,UNKNOWN
18,2019,3,EY07275,M,380,21,1,400,UNKNOWN
18,2019,0,EY07275,M,440,1,2,NA,UNKNOWN
18,2019,0,EA05388,F,400,3,7,450,UNKNOWN
18,2019,4,EY07275,M,365,23,7,365,UNKNOWN
18,2019,2,EY07275,M,425,17,1,485,UNKNOWN
18,2019,2,EA05388,F,460,28,8,400,UNKNOWN
18,2019,3,EA05388,F,465,39,10,490,UNKNOWN
18,2019,1,EA05388,F,450,15,8,440,UNKNOWN
18,2019,1,EY07275,M,375,10,5,485,UNKNOWN
181,2019,0,EZ88883,M,450,2,3,NA,NEW
181,2019,1,EZ88883,M,400,10,7,405,NEW
181,2019,0,EX59709,F,425,5,4,450,NEW
181,2019,1,EX59709,F,390,17,11,455,NEW
181,2019,3,EX59709,F,425,44,1,460,NEW
181,2019,2,EZ88883,M,350,28,8,425,NEW
181,2019,3,EZ88883,M,395,43,5,425,NEW
181,2019,2,EX59709,F,375,36,7,455,NEW
184,2018,1,EK59656,F,390,21,8,445,EXP
184,2018,2,EK59655,M,360,29,7,480,EXP
184,2018,0,EK59656,F,400,7,7,450,EXP
184,2018,1,EK59655,M,375,14,7,455,EXP
184,2018,2,EK59656,F,420,36,8,445,EXP
184,2018,0,EK59655,M,395,2,5,NA,EXP
185,2019,0,FB32163,F,425,8,4,400,NEW
185,2019,0,EZ72727,M,415,2,1,NA,NEW
185,2019,2,EZ72727,M,400,16,2,445,NEW
185,2019,2,FB32163,F,445,18,5,430,NEW
185,2019,1,EZ72727,M,420,4,11,420,NEW
185,2019,3,EZ72727,M,400,21,5,415,NEW
185,2019,1,FB32163,F,430,13,3,430,NEW
186,2015,2,EK59620,M,380,31,9,420,EXP
186,2015,0,EY07357,F,355,10,6,460,EXP
186,2015,1,EK59620,M,395,16,8,405,EXP
186,2015,0,EK59620,M,420,5,5,NA,EXP
186,2015,1,EY07357,F,335,24,7,455,EXP
186,2015,2,EY07357,F,370,36,11,435,EXP
186,2018,4,FB32243,F,380,36,5,465,UNKNOWN
186,2018,0,EZ88868,M,425,5,4,435,UNKNOWN
186,2018,3,FB32243,F,370,26,5,500,UNKNOWN
186,2018,0,FB32243,F,395,3,2,NA,UNKNOWN
186,2018,4,EZ88868,M,430,41,5,430,UNKNOWN
186,2018,3,EZ88868,M,440,31,5,420,UNKNOWN
186,2018,1,EZ88868,M,415,12,4,430,UNKNOWN
186,2018,2,EZ88868,M,420,20,6,415,UNKNOWN
186,2018,2,FB32243,F,385,16,4,440,UNKNOWN
186,2018,1,FB32243,F,405,10,2,450,UNKNOWN
189,2016,4,EK93928,F,410,36,6,410,UNKNOWN
189,2016,2,EK93928,F,380,26,6,380,UNKNOWN
189,2016,0,EK93928,F,NA,11,7,455,UNKNOWN
189,2016,0,EK59682,M,NA,2,9,NA,UNKNOWN
189,2016,2,EK59682,M,425,32,5,415,UNKNOWN
189,2016,1,EK59682,M,400,18,9,450,UNKNOWN
189,2016,5,EK93928,F,425,44,1,460,UNKNOWN
189,2016,3,EK59682,M,415,42,6,445,UNKNOWN
189,2016,3,EK93928,F,410,34,1,465,UNKNOWN
189,2016,1,EK93928,F,380,24,1,470,UNKNOWN
193,2016,1,EK59809,M,365,16,7,485,EXP
193,2016,0,EK59809,M,410,5,6,NA,EXP
193,2016,0,EZ01767,F,395,11,8,410,EXP
194,2016,2,EZ01668,F,400,36,9,480,NEW
194,2016,0,EK59932,M,375,13,7,385,NEW
194,2016,1,EK59932,M,395,28,8,465,NEW
194,2016,3,EZ01668,F,440,46,1,475,NEW
194,2016,1,EZ01668,F,375,20,8,485,NEW
194,2016,2,EK59932,M,410,45,7,440,NEW
194,2016,0,EZ01668,F,380,3,10,NA,NEW
195,2015,4,EK59811,F,410,42,8,480,EXP
195,2015,1,EJ47565,M,440,5,2,460,EXP
195,2015,0,EK59811,F,470,2,3,495,EXP
195,2015,1,EK59811,F,NA,7,4,475,EXP
195,2015,2,EK59811,F,415,16,6,460,EXP
195,2015,3,EK59811,F,NA,29,7,455,EXP
195,2015,2,EJ47565,M,440,11,5,430,EXP
195,2015,4,EJ47565,M,395,36,6,450,EXP
195,2015,3,EJ47565,M,410,22,7,445,EXP
195,2015,0,EJ47565,M,470,1,1,NA,EXP
195,2016,2,EK59811,F,415,33,8,455,EXP
195,2016,0,EK59811,F,430,13,5,465,EXP
195,2016,3,EJ47565,M,380,41,6,465,EXP
195,2016,1,EJ47565,M,425,18,4,465,EXP
195,2016,0,EJ47565,M,400,9,4,NA,EXP
195,2016,2,EJ47565,M,400,27,6,440,EXP
195,2016,1,EK59811,F,NA,22,5,455,EXP
201,2016,0,EZ01921,M,420,18,7,445,UNKNOWN
201,2016,1,EJ99550,F,415,25,7,460,UNKNOWN
201,2016,1,EZ01921,M,NA,32,7,465,UNKNOWN
201,2016,0,EJ99550,F,430,12,6,NA,UNKNOWN
201,2019,1,EJ99550,F,450,19,8,480,EXP
201,2019,2,EJ99550,F,375,34,8,470,EXP
201,2019,1,EZ01921,M,425,15,4,480,EXP
201,2019,3,EJ99550,F,375,49,3,455,EXP
201,2019,0,EJ99550,F,NA,10,5,475,EXP
201,2019,3,EZ01921,M,420,42,7,425,EXP
201,2019,0,EZ01921,M,420,5,5,NA,EXP
201,2019,2,EZ01921,M,415,27,7,425,EXP
202,2016,2,FB24514,M,410,21,7,430,UNKNOWN
202,2016,0,FB24529,F,435,15,7,480,UNKNOWN
202,2016,1,FB24514,M,460,18,1,450,UNKNOWN
202,2016,0,FB24514,M,385,9,6,NA,UNKNOWN
204,2016,0,EZ01966,F,415,11,6,485,UNKNOWN
204,2016,1,EK59610,M,410,17,11,390,UNKNOWN
204,2016,1,EZ01966,F,320,26,7,455,UNKNOWN
204,2016,2,EZ01966,F,395,41,8,455,UNKNOWN
204,2016,2,EK59610,M,415,33,8,445,UNKNOWN
204,2016,0,EK59610,M,410,8,3,NA,UNKNOWN
205,2016,0,EZ01963,M,435,24,7,460,UNKNOWN
205,2016,1,EZ01963,M,460,39,8,510,UNKNOWN
205,2016,1,FB30617,F,395,31,8,505,UNKNOWN
205,2016,0,FB30617,F,400,16,8,NA,UNKNOWN
205,2016,2,EZ01963,M,455,50,1,520,UNKNOWN
205,2018,2,FB30617,F,420,26,7,505,EXP
205,2018,0,FB30617,F,420,4,4,NA,EXP
205,2018,0,EZ01963,M,440,8,4,415,EXP
205,2018,1,FB30617,F,390,12,7,460,EXP
205,2018,1,EZ01963,M,400,19,7,490,EXP
205,2018,2,EZ01963,M,440,33,9,485,EXP
206,2016,1,FB30382,M,455,20,9,455,EXP
206,2016,0,FB30382,M,415,7,7,NA,EXP
206,2016,0,EX93844,F,375,14,6,510,EXP
206,2016,1,EX93844,F,385,29,9,490,EXP
207,2019,0,EZ72786,M,400,9,5,450,EXP
207,2019,1,EZ72871,F,400,14,10,460,EXP
207,2019,0,EZ72871,F,430,2,6,NA,EXP
209,2019,1,EK59654,M,470,6,8,415,UNKNOWN
209,2019,1,EZ72759,F,365,14,13,455,UNKNOWN
209,2019,2,EK59654,M,375,24,5,420,UNKNOWN
209,2019,0,EZ72759,F,410,4,3,470,UNKNOWN
209,2019,2,EZ72759,F,420,28,1,460,UNKNOWN
209,2019,0,EK59654,M,480,1,3,NA,UNKNOWN
23,2015,1,FB32163,F,420,18,3,425,EXP
23,2015,0,FB32163,F,355,5,11,NA,EXP
23,2015,0,FB30048,M,455,21,4,410,EXP
23,2015,2,FB32163,F,390,25,7,470,EXP
3,2018,3,EK59708,F,440,28,2,545,EXP
3,2018,1,EK59708,F,415,14,4,485,EXP
3,2018,4,EZ01650,M,535,30,2,440,EXP
3,2018,2,EZ01650,M,450,18,3,460,EXP
3,2018,2,EK59708,F,440,21,4,510,EXP
3,2018,0,EK59708,F,475,8,2,480,EXP
3,2018,3,EZ01650,M,465,25,3,470,EXP
3,2018,4,EK59708,F,425,32,5,500,EXP
3,2018,5,EZ01650,M,485,37,7,435,EXP
3,2018,0,EZ01650,M,430,5,3,NA,EXP
3,2018,1,EZ01650,M,465,10,4,450,EXP
3,2018,5,EK59708,F,385,44,8,505,EXP
3,2018,6,EZ01650,M,430,52,2,430,EXP
3,2018,6,EK59708,F,420,54,6,520,EXP
3,2018,7,EZ01650,M,460,60,3,440,EXP
3,2018,7,EK59708,F,435,62,3,475,EXP
3,2019,0,EZ01650,M,NA,2,2,NA,EXP
3,2019,0,EK59708,F,NA,4,5,460,EXP
3,2019,3,EK59708,F,390,35,7,495,EXP
3,2019,4,EZ01650,M,460,42,6,460,EXP
3,2019,3,EZ01650,M,490,30,5,435,EXP
3,2019,2,EK59708,F,410,25,5,520,EXP
3,2019,1,EZ01650,M,420,9,5,445,EXP
3,2019,2,EZ01650,M,455,20,5,460,EXP
3,2019,1,EK59708,F,405,14,6,510,EXP
39,2016,0,FB30572,F,385,4,1,NA,UNKNOWN
42,2017,0,FB30654,F,NA,14,8,NA,NEW
42,2017,0,EX41728,M,NA,22,3,NA,NEW
42,2017,1,FB30654,F,NA,25,5,NA,NEW
42,2019,0,FB30654,F,395,6,3,475,EXP
42,2019,0,EX41728,M,420,3,3,NA,EXP
42,2019,1,FB30654,F,395,12,4,435,EXP
42,2019,3,EX41728,M,430,32,2,415,EXP
42,2019,1,EX41728,M,440,9,3,420,EXP
42,2019,2,FB30654,F,365,24,8,465,EXP
42,2019,2,EX41728,M,415,16,8,415,EXP
42,2019,4,EX41728,M,410,38,7,425,EXP
42,2019,3,FB30654,F,410,34,4,430,EXP
44,2016,1,EZ01953,F,360,36,8,470,UNKNOWN
44,2016,0,EK59717,M,390,13,7,NA,UNKNOWN
44,2016,0,EZ01953,F,415,20,6,470,UNKNOWN
44,2016,1,EK59717,M,NA,26,10,445,UNKNOWN
44,2017,0,EK59717,M,NA,5,8,NA,EXP
44,2017,1,EK59717,M,NA,19,10,NA,EXP
44,2017,0,EZ01953,F,NA,13,6,NA,EXP
44,2017,2,EK59717,M,NA,38,9,NA,EXP
44,2017,1,EZ01953,F,NA,29,9,NA,EXP
46,2015,0,FB30047,F,445,14,9,525,EXP
46,2015,1,FB30034,M,440,23,7,500,EXP
46,2015,1,FB30047,F,445,30,9,515,EXP
46,2015,0,FB30034,M,465,7,7,NA,EXP
46,2015,2,FB30034,M,435,39,7,490,EXP
46,2017,0,FB30047,F,NA,17,11,NA,EXP
46,2017,1,FB30047,F,NA,35,8,NA,EXP
46,2017,0,FB30034,M,NA,28,7,NA,EXP
46,2019,1,FB30047,F,435,12,8,510,EXP
46,2019,0,FB30034,M,435,6,6,480,EXP
46,2019,1,FB30034,M,425,20,8,495,EXP
46,2019,2,FB30047,F,420,28,9,475,EXP
46,2019,3,FB30047,F,430,44,7,505,EXP
46,2019,0,FB30047,F,430,1,5,NA,EXP
46,2019,2,FB30034,M,400,37,7,475,EXP
50,2015,2,FB30390,M,410,23,5,415,EXP
50,2015,3,EX93544,F,370,41,6,500,EXP
50,2015,3,FB30390,M,420,35,6,410,EXP
50,2015,1,EX93544,F,370,17,6,450,EXP
50,2015,1,FB30390,M,445,13,4,400,EXP
50,2015,0,FB30390,M,435,6,3,NA,EXP
50,2015,2,EX93544,F,375,28,7,475,EXP
50,2015,0,EX93544,F,395,9,4,495,EXP
56,2016,0,EK59618,M,425,7,7,NA,NEW
56,2016,0,FB32304,F,400,14,8,500,NEW
56,2019,1,EK59618,M,410,5,3,450,EXP
56,2019,0,EK59618,M,415,1,1,NA,EXP
6,2015,2,FB32249,M,385,30,8,440,EXP
6,2015,0,FB32335,F,410,1,4,NA,EXP
6,2015,2,FB32335,F,390,21,9,455,EXP
6,2015,0,FB32249,M,435,5,3,465,EXP
6,2015,1,FB32249,M,405,13,8,445,EXP
6,2015,3,FB32335,F,365,38,7,490,EXP
6,2015,1,FB32335,F,435,8,5,430,EXP
64,2016,1,EZ01958,F,395,19,15,450,UNKNOWN
64,2016,0,EZ01933,M,495,1,4,NA,UNKNOWN
64,2016,3,EZ01933,M,370,28,8,405,UNKNOWN
64,2016,2,EZ01933,M,425,15,5,425,UNKNOWN
64,2016,1,EZ01933,M,485,7,3,515,UNKNOWN
64,2016,0,EZ01958,F,425,9,6,470,UNKNOWN
81,2018,0,EK59658,M,470,1,2,NA,EXP
81,2018,4,EK59658,M,385,30,9,420,EXP
81,2018,2,EZ72736,F,345,21,9,475,EXP
81,2018,0,EZ72736,F,405,3,3,505,EXP
81,2018,1,EZ72736,F,400,9,5,490,EXP
81,2018,1,EK59658,M,470,6,3,410,EXP
81,2018,3,EK59658,M,430,14,7,430,EXP
81,2018,2,EK59658,M,470,11,2,400,EXP
88,2016,1,EZ01652,F,375,33,8,485,EXP
88,2016,1,FB30521,M,420,41,6,465,EXP
88,2016,0,EZ01652,F,435,16,8,NA,EXP
88,2016,0,FB30521,M,NA,24,9,470,EXP
88,2018,0,FB30521,M,380,7,8,465,EXP
88,2018,2,FB30521,M,395,38,7,485,EXP
88,2018,2,EZ01652,F,415,29,9,465,EXP
88,2018,1,EZ01652,F,400,15,8,470,EXP
88,2018,0,EZ01652,F,425,1,6,NA,EXP
88,2018,1,FB30521,M,405,23,6,465,EXP
89,2017,1,EZ12773,M,NA,33,4,NA,UNKNOWN
89,2017,1,EZ72783,F,NA,37,1,NA,UNKNOWN
89,2017,0,EZ12773,M,NA,15,9,NA,UNKNOWN
89,2017,0,EZ72783,F,NA,24,9,NA,UNKNOWN
9,2016,2,EX93810,F,410,23,9,510,EXP
9,2016,2,EX93845,M,470,32,11,430,EXP
9,2016,1,EX93845,M,510,20,3,430,EXP
9,2016,3,EX93810,F,350,43,8,500,EXP
9,2016,0,EX93810,F,365,6,7,NA,EXP
9,2016,0,EX93845,M,484,13,4,460,EXP
9,2016,1,EX93810,F,430,17,3,520,EXP
95,2015,0,EZ01635,F,415,1,8,NA,NEW
95,2015,0,FB32284,M,360,9,7,475,NEW
95,2015,2,FB32284,M,375,41,7,455,NEW
95,2015,2,EZ01635,F,420,31,10,455,NEW
95,2015,1,EZ01635,F,420,16,8,465,NEW
95,2015,1,FB32284,M,400,24,7,490,NEW
95,2019,1,EZ01635,F,405,22,8,470,EXP
95,2019,1,FB30522,M,415,30,8,425,EXP
95,2019,0,FB30522,M,380,15,7,470,EXP
95,2019,0,EZ01635,F,370,3,12,NA,EXP
95,2019,2,EZ01635,F,355,38,11,470,EXP
98,2017,0,EZ01870,M,NA,4,11,NA,EXP
98,2017,1,EZ01871,F,NA,24,9,NA,EXP
98,2017,1,EZ01870,M,NA,19,6,NA,EXP
98,2017,2,EZ01870,M,NA,31,8,NA,EXP
98,2017,0,EZ01871,F,NA,15,4,NA,EXP
DB1,2019,0,EZ01790,M,435,5,4,NA,EXP
DB1,2019,1,EZ01604,F,415,19,6,475,EXP
DB1,2019,0,EZ01604,F,415,9,5,455,EXP
DB1,2019,1,EZ01790,M,420,14,5,445,EXP
DB10,2015,1,EX41735,M,405,9,5,405,EXP
DB10,2015,1,FB30125,F,365,14,4,435,EXP
DB10,2015,0,FB30125,F,390,5,4,440,EXP
DB10,2015,2,EX41735,M,415,18,5,430,EXP
DB10,2015,0,EX41735,M,420,2,3,NA,EXP
DB11,2015,1,EX41787,F,415,15,8,470,EXP
DB11,2015,0,EX41787,F,405,2,6,NA,EXP
DB11,2015,2,EX41787,F,395,31,9,475,EXP
DB11,2015,1,EX41736,M,410,23,9,465,EXP
DB11,2015,0,EX41736,M,425,8,7,450,EXP
DB11,2015,2,EX41736,M,420,40,6,455,EXP
DB14,2016,1,EX41743,M,375,8,7,390,UNKNOWN
DB14,2016,3,EX41737,F,400,38,1,445,UNKNOWN
DB14,2016,1,EX41737,F,395,15,6,460,UNKNOWN
DB14,2016,5,EX41737,F,375,50,1,410,UNKNOWN
DB14,2016,3,EX41743,M,355,37,7,400,UNKNOWN
DB14,2016,4,EX41743,M,445,45,4,375,UNKNOWN
DB14,2016,4,EX41737,F,380,40,9,380,UNKNOWN
DB14,2016,2,EX41743,M,415,21,6,445,UNKNOWN
DB14,2016,5,EX41743,M,410,50,1,365,UNKNOWN
DB14,2016,0,EX41743,M,410,3,1,425,UNKNOWN
DB14,2016,0,EX41737,F,435,1,7,NA,UNKNOWN
DB14,2016,2,EX41737,F,390,27,10,440,UNKNOWN
db15,2016,0,EZ01965,M,425,6,5,NA,NEW
db15,2016,1,EZ01965,M,420,19,10,475,NEW
db15,2016,0,EY07273,F,410,11,8,485,NEW
db15,2016,1,EY07273,F,375,29,8,490,NEW
DB15,2019,0,EK59932,F,455,4,1,NA,EXP
DB15,2019,1,EK59932,F,435,6,4,435,EXP
DB15,2019,3,EK59932,F,370,35,6,445,EXP
DB15,2019,1,EZ01668,M,330,26,9,435,EXP
DB15,2019,2,EZ01668,M,390,41,8,465,EXP
DB15,2019,2,EK59932,F,405,16,10,425,EXP
DB15,2019,0,EZ01668,M,385,10,6,475,EXP
DB16,2015,0,EX41791,F,425,5,4,395,NEW
DB16,2015,0,EK59738,M,405,4,1,NA,NEW
DB16,2017,0,EK59738,M,NA,6,25,NA,EXP
DB16,2017,0,EX41791,F,NA,8,15,NA,EXP
DB18,2018,0,EX41756,M,415,1,4,NA,EXP
DB18,2018,0,EZ72866,F,345,5,5,480,EXP
DB18,2018,1,EZ72866,F,375,16,9,480,EXP
DB18,2018,1,EX41756,M,445,10,6,410,EXP
DB18,2018,2,EX41756,M,405,25,6,395,EXP
DB19,2016,0,EJ47567,M,380,6,5,405,UNKNOWN
DB19,2016,3,EJ47567,M,395,26,5,410,UNKNOWN
DB19,2016,4,EJ47567,M,NA,36,3,400,UNKNOWN
DB19,2016,4,EZ01948,F,375,39,3,455,UNKNOWN
DB19,2016,0,EZ01948,F,375,1,5,NA,UNKNOWN
DB19,2016,5,EJ47567,M,420,42,4,385,UNKNOWN
DB19,2016,2,EJ47567,M,375,18,4,375,UNKNOWN
DB19,2016,3,EZ01948,F,355,31,5,435,UNKNOWN
DB19,2016,1,EJ47567,M,415,15,1,405,UNKNOWN
DB19,2016,1,EZ01948,F,355,11,7,445,UNKNOWN
DB19,2016,2,EZ01948,F,375,22,4,440,UNKNOWN
DB20,2019,2,EX41732,M,355,18,2,365,NEW
DB20,2019,4,EX41732,M,375,29,2,420,NEW
DB20,2019,5,EZ72855,F,365,20,2,400,NEW
DB20,2019,1,EZ72855,F,380,5,2,430,NEW
DB20,2019,2,EZ72855,F,395,8,4,395,NEW
DB20,2019,4,EZ72855,F,355,16,3,355,NEW
DB20,2019,0,EZ72855,F,385,1,1,NA,NEW
DB20,2019,3,EX41732,M,400,21,3,430,NEW
DB20,2019,5,EX41732,M,385,38,5,460,NEW
DB20,2019,0,EX41732,M,385,2,6,390,NEW
DB20,2019,3,EZ72855,F,335,13,2,405,NEW
DB20,2019,1,EX41732,M,395,12,2,335,NEW
DB26,2019,2,FB30537,M,395,33,8,455,EXP
DB26,2019,2,EZ01936,F,410,25,8,500,EXP
DB26,2019,0,FB30537,M,370,8,5,440,EXP
DB26,2019,3,EZ01936,F,410,40,3,470,EXP
DB26,2019,1,EZ01936,F,400,13,7,475,EXP
DB26,2019,1,FB30537,M,400,20,5,445,EXP
DB26,2019,0,EZ01936,F,385,3,5,NA,EXP
DB26,2019,3,FB30537,M,460,43,1,445,EXP
DB26,2019,4,EZ01936,F,445,44,3,435,EXP
DB27,2018,0,EX41780,M,425,7,6,NA,EXP
DB27,2018,2,EX41780,M,405,34,7,445,EXP
DB27,2018,0,EZ72750,F,415,13,7,465,EXP
DB27,2018,1,EX41780,M,405,20,6,435,EXP
DB27,2018,1,EZ72750,F,390,26,8,480,EXP
DB27,2019,0,EZ72750,F,355,2,8,NA,EXP
DB27,2019,2,EZ72750,F,415,34,6,480,EXP
DB27,2019,1,EZ72750,F,NA,20,8,510,EXP
DB27,2019,1,EX41780,M,430,28,6,465,EXP
DB27,2019,0,EX41780,M,420,10,10,435,EXP
DB27,2019,2,EX41780,M,440,40,6,450,EXP
DB28,2018,0,EX41749,M,405,4,5,NA,NEW
DB28,2018,0,EZ88882,F,420,9,6,475,NEW
DB28,2018,2,EX41749,M,385,31,9,460,NEW
DB28,2018,1,EZ88882,F,435,22,9,475,NEW
DB28,2018,2,EZ88882,F,415,40,9,440,NEW
DB28,2018,1,EX41749,M,405,15,7,475,NEW
DB30,2016,0,EK59686,F,360,1,2,NA,UNKNOWN
DB30,2016,0,EX41784,M,480,3,4,455,UNKNOWN
DB30,2016,2,EX41784,M,440,28,8,455,UNKNOWN
DB30,2016,3,EX41784,M,465,41,8,460,UNKNOWN
DB30,2016,1,EX41784,M,420,12,8,495,UNKNOWN
DB30,2016,1,EK59686,F,415,7,5,470,UNKNOWN
DB30,2016,2,EK59686,F,405,20,8,535,UNKNOWN
DB30,2016,3,EK59686,F,390,36,5,515,UNKNOWN
DB33,2015,2,FB20883,F,400,33,7,465,EXP
DB33,2015,0,FB20883,F,340,6,6,NA,EXP
DB33,2015,1,EX41793,M,375,28,5,450,EXP
DB33,2015,3,FB20883,F,390,44,5,450,EXP
DB33,2015,1,FB20883,F,355,20,8,455,EXP
DB33,2015,0,EX41793,M,365,12,8,425,EXP
DB33,2015,2,EX41793,M,390,40,4,430,EXP
DB33,2019,2,FB20883,F,390,39,7,470,EXP
DB33,2019,0,FB20883,F,340,7,6,450,EXP
DB33,2019,2,EX41793,M,410,32,7,455,EXP
DB33,2019,1,FB20883,F,330,25,7,455,EXP
DB33,2019,1,EX41793,M,415,13,12,440,EXP
DB33,2019,0,EX41793,M,460,2,5,NA,EXP
DB4,2016,2,EX41740,F,375,32,8,455,EXP
DB4,2016,0,EX41740,F,390,4,5,NA,EXP
DB4,2016,0,EY07280,M,410,9,8,445,EXP
DB4,2016,1,EY07280,M,425,24,8,445,EXP
DB4,2016,1,EX41740,F,390,17,7,460,EXP
DB4,2018,0,EX41740,F,395,1,4,NA,EXP
DB4,2018,1,EY07280,M,395,18,6,430,EXP
DB4,2018,3,EX41740,F,380,38,8,470,EXP
DB4,2018,1,EX41740,F,385,12,6,430,EXP
DB4,2018,2,EX41740,F,385,24,6,445,EXP
DB4,2018,2,EY07280,M,410,30,8,450,EXP
DB4,2018,0,EY07280,M,390,5,7,455,EXP
DB43,2015,0,EX83006,F,375,1,9,NA,EXP
DB43,2015,0,FB32319,M,380,10,8,445,EXP
DB43,2015,1,EX83006,F,390,18,10,460,EXP
DB43,2019,1,EZ72723,F,380,6,4,460,NEW
DB43,2019,0,FB32319,M,465,3,3,410,NEW
DB43,2019,3,EZ72723,F,NA,22,5,450,NEW
DB43,2019,2,FB32319,M,430,17,4,425,NEW
DB43,2019,2,EZ72723,F,400,14,3,450,NEW
DB43,2019,4,EZ72723,F,355,35,6,465,NEW
DB43,2019,1,FB32319,M,435,10,4,430,NEW
DB43,2019,3,FB32319,M,415,27,8,420,NEW
DB43,2019,0,EZ72723,F,390,1,2,NA,NEW
DB43,2019,4,FB32319,M,405,41,7,425,NEW
DB8,2016,1,EX41733,F,425,12,5,505,EXP
DB8,2016,2,EX41733,F,380,24,14,485,EXP
DB8,2016,0,EX41733,F,360,1,7,NA,EXP
DB8,2016,0,EX41734,M,490,8,4,475,EXP
DB8,2016,1,EX41734,M,465,17,7,445,EXP
DB8,2019,1,EX41734,M,455,14,5,425,EXP
DB8,2019,3,EX41733,F,375,39,6,475,EXP
DB8,2019,0,EX41734,M,460,6,3,NA,EXP
DB8,2019,2,EX41733,F,400,28,5,485,EXP
DB8,2019,3,EX41734,M,435,33,6,430,EXP
DB8,2019,1,EX41733,F,390,19,5,520,EXP
DB8,2019,0,EX41733,F,410,9,5,500,EXP
DB8,2019,2,EX41734,M,470,24,4,430,EXP
